Date,"Watch time (minutes)",Views,"Average view duration","Average percentage viewed","Card clicks","Cards shown","Clicks per card shown","Card teaser clicks","Card teasers shown","Clicks per card teaser shown","End screen elements shown","End screen element clicks","Clicks per end screen element shown","Estimated partner revenue usd","Estimated partner ad revenue usd","Estimated partner adsense revenue usd","Estimated partner doubleclick revenue usd","Partner transaction revenue usd",Transactions,"Partner revenue per transaction usd","Estimated monetized playbacks","Playback based cpm usd","Ad impressions","Cpm usd","Youtube ad revenue usd","Youtube red watch time (minutes)","Youtube red views","Youtube red partner revenue usd","Youtube red watch time (hours)","Annotation clicks","Clickable annotations shown","Annotation click through rate","Annotation closes","Closable annotations shown","Annotation close rate","Annotations shown","Videos published","Videos added",Likes,"Likes added","Likes removed",Dislikes,"Dislikes added","Dislikes removed",Shares,Comments,"Videos in playlists","Videos added to playlists","Videos removed from playlists",Subscribers,"Subscribers gained","Subscribers lost","Watch time (hours)"
2016-03-11,0,0,0.0,0.00,0,0,0.00,0,0,0.00,0,0,0.00,0.00,0.00,0.00,0.00,0.00,0,0.00,0,0.00,0,0.00,0.00,0,0,0.00,0,0,0,0.00,0,0,0.00,0,1,1,0,0,0,0,0,0,0,0,0,0,0,1,1,0,0
2016-03-18,155,55,2.8,2.29,0,0,0.00,0,0,0.00,0,0,0.00,0.00,0.00,0.00,0.00,0.00,0,0.00,0,0.00,0,0.00,0.00,0,0,0.00,0,0,28,0.00,0,0,0.00,28,1,1,0,0,0,0,0,0,0,0,3,3,0,6,6,0,3
2016-03-19,178,32,5.6,4.53,0,0,0.00,0,0,0.00,0,0,0.00,0.00,0.00,0.00,0.00,0.00,0,0.00,0,0.00,0,0.00,0.00,0,0,0.00,0,0,19,0.00,0,0,0.00,19,,,0,0,0,0,0,0,0,0,1,1,0,6,6,0,3
2016-03-20,183,20,9.2,7.46,0,0,0.00,0,0,0.00,0,0,0.00,0.00,0.00,0.00,0.00,0.00,0,0.00,0,0.00,0,0.00,0.00,0,0,0.00,0,0,11,0.00,0,0,0.00,11,,,0,0,0,0,0,0,0,0,0,0,0,1,1,0,3
2016-03-21,268,46,5.8,4.74,0,0,0.00,0,0,0.00,0,0,0.00,0.00,0.00,0.00,0.00,0.00,0,0.00,0,0.00,0,0.00,0.00,0,0,0.00,0,0,41,0.00,0,0,0.00,41,,,0,0,0,0,0,0,0,0,1,1,0,2,2,0,4
2016-03-22,14,5,2.8,2.24,0,0,0.00,0,0,0.00,0,0,0.00,0.00,0.00,0.00,0.00,0.00,0,0.00,0,0.00,0,0.00,0.00,0,0,0.00,0,0,4,0.00,0,0,0.00,4,,,1,1,0,0,0,0,0,0,0,0,0,2,2,0,0
2016-03-23,63,7,9.0,7.34,0,0,0.00,0,0,0.00,0,0,0.00,0.00,0.00,0.00,0.00,0.00,0,0.00,0,0.00,0,0.00,0.00,0,0,0.00,0,0,5,0.00,0,0,0.00,5,,,0,0,0,0,0,0,0,0,0,0,0,0,0,0,1
2016-03-24,64,8,8.0,6.47,0,0,0.00,0,0,0.00,0,0,0.00,0.00,0.00,0.00,0.00,0.00,0,0.00,0,0.00,0,0.00,0.00,0,0,0.00,0,0,4,0.00,0,0,0.00,4,,,1,1,0,0,0,0,1,0,0,0,0,0,0,0,1
2016-03-25,48,8,6.0,4.85,0,0,0.00,0,0,0.00,0,0,0.00,0.00,0.00,0.00,0.00,0.00,0,0.00,0,0.00,0,0.00,0.00,0,0,0.00,0,0,10,0.00,0,0,0.00,10,,,0,0,0,0,0,0,0,0,1,1,0,0,0,0,1
2016-03-26,14,1,14.1,11.46,0,0,0.00,0,0,0.00,0,0,0.00,0.00,0.00,0.00,0.00,0.00,0,0.00,0,0.00,0,0.00,0.00,0,0,0.00,0,0,1,0.00,0,0,0.00,1,,,0,0,0,0,0,0,0,0,0,0,0,0,0,0,0
2016-03-27,95,7,13.6,11.04,0,0,0.00,0,0,0.00,0,0,0.00,0.00,0.00,0.00,0.00,0.00,0,0.00,0,0.00,0,0.00,0.00,0,0,0.00,0,0,4,0.00,0,0,0.00,4,,,1,1,0,0,0,0,0,0,0,0,0,2,2,0,2
2016-03-28,6,4,1.4,1.13,0,0,0.00,0,0,0.00,0,0,0.00,0.00,0.00,0.00,0.00,0.00,0,0.00,0,0.00,0,0.00,0.00,0,0,0.00,0,0,3,0.00,0,0,0.00,3,,,0,0,0,0,0,0,0,0,0,0,0,0,0,0,0
2016-03-29,82,9,9.1,7.40,0,0,0.00,0,0,0.00,0,0,0.00,0.00,0.00,0.00,0.00,0.00,0,0.00,0,0.00,0,0.00,0.00,0,0,0.00,0,0,6,0.00,0,0,0.00,6,,,0,0,0,0,0,0,0,0,0,0,0,0,0,0,1
2016-03-30,192,14,13.7,12.40,0,0,0.00,0,0,0.00,0,0,0.00,0.00,0.00,0.00,0.00,0.00,0,0.00,0,0.00,0,0.00,0.00,0,0,0.00,0,0,12,0.00,0,0,0.00,12,0,2,0,0,0,0,0,0,2,0,1,1,0,5,5,0,3
2016-03-31,32,23,1.4,1.28,0,0,0.00,0,0,0.00,0,0,0.00,0.00,0.00,0.00,0.00,0.00,0,0.00,0,0.00,0,0.00,0.00,0,0,0.00,0,0,19,0.00,0,0,0.00,19,0,3,1,1,0,0,0,0,0,0,0,0,0,2,2,0,1
2016-04-01,1791,231,7.8,10.67,0,0,0.00,0,0,0.00,0,0,0.00,0.00,0.00,0.00,0.00,0.00,0,0.00,0,0.00,0,0.00,0.00,67,3,0.00,1,0,160,0.00,0,0,0.00,160,5,1,7,7,0,0,0,0,5,0,12,13,1,14,14,0,30
2016-04-02,901,94,9.6,13.88,0,0,0.00,0,0,0.00,0,0,0.00,0.00,0.00,0.00,0.00,0.00,0,0.00,0,0.00,0,0.00,0.00,12,2,0.00,0,0,50,0.00,0,0,0.00,50,,,2,2,0,0,0,0,1,0,4,4,0,5,5,0,15
2016-04-03,569,62,9.2,13.02,0,0,0.00,0,0,0.00,0,0,0.00,0.00,0.00,0.00,0.00,0.00,0,0.00,0,0.00,0,0.00,0.00,0,2,0.00,0,0,41,0.00,0,0,0.00,41,,,2,2,0,0,0,0,1,0,1,1,0,3,3,0,9
2016-04-04,594,79,7.5,11.03,0,0,0.00,0,0,0.00,0,0,0.00,0.00,0.00,0.00,0.00,0.00,0,0.00,0,0.00,0,0.00,0.00,0,0,0.00,0,0,67,0.00,0,0,0.00,67,,,1,2,1,0,0,0,0,0,1,1,0,1,1,0,10
2016-04-05,409,43,9.5,12.66,0,0,0.00,0,0,0.00,0,0,0.00,0.00,0.00,0.00,0.00,0.00,0,0.00,0,0.00,0,0.00,0.00,0,0,0.00,0,0,37,0.00,0,0,0.00,37,,,0,0,0,0,0,0,0,0,0,0,0,2,2,0,7
2016-04-06,661,82,8.1,11.99,0,0,0.00,0,0,0.00,0,0,0.00,0.00,0.00,0.00,0.00,0.00,0,0.00,0,0.00,0,0.00,0.00,0,0,0.00,0,0,61,0.00,0,0,0.00,61,,,2,2,0,0,0,0,2,0,4,4,0,10,10,0,11
2016-04-07,234,31,7.5,8.86,0,0,0.00,0,0,0.00,0,0,0.00,0.00,0.00,0.00,0.00,0.00,0,0.00,0,0.00,0,0.00,0.00,0,0,0.00,0,0,30,0.00,0,0,0.00,30,,,0,0,0,0,0,0,0,0,0,0,0,2,2,0,4
2016-04-08,391,37,10.6,15.38,0,0,0.00,0,0,0.00,0,0,0.00,0.00,0.00,0.00,0.00,0.00,0,0.00,0,0.00,0,0.00,0.00,0,0,0.00,0,0,23,0.00,0,0,0.00,23,,,1,2,1,0,0,0,2,0,1,4,3,2,2,0,7
2016-04-09,229,15,15.3,22.20,0,0,0.00,0,0,0.00,0,0,0.00,0.00,0.00,0.00,0.00,0.00,0,0.00,0,0.00,0,0.00,0.00,0,0,0.00,0,0,11,0.00,0,0,0.00,11,,,0,0,0,0,0,0,0,0,0,0,0,2,2,0,4
2016-04-10,129,22,5.9,8.99,0,0,0.00,0,0,0.00,0,0,0.00,0.00,0.00,0.00,0.00,0.00,0,0.00,0,0.00,0,0.00,0.00,0,0,0.00,0,0,16,0.00,0,0,0.00,16,,,1,1,0,0,0,0,6,0,0,0,0,2,2,0,2
2016-04-11,288,32,9.0,12.56,0,0,0.00,0,0,0.00,0,0,0.00,0.00,0.00,0.00,0.00,0.00,0,0.00,0,0.00,0,0.00,0.00,0,0,0.00,0,0,26,0.00,0,0,0.00,26,,,0,0,0,0,0,0,0,0,2,2,0,0,0,0,5
2016-04-12,263,39,6.8,9.48,0,0,0.00,0,0,0.00,0,0,0.00,0.00,0.00,0.00,0.00,0.00,0,0.00,0,0.00,0,0.00,0.00,0,0,0.00,0,0,35,0.00,0,0,0.00,35,,,0,0,0,0,0,0,0,0,0,1,1,0,0,0,4
2016-04-13,312,31,10.1,13.18,0,0,0.00,0,0,0.00,0,0,0.00,0.00,0.00,0.00,0.00,0.00,0,0.00,0,0.00,0,0.00,0.00,0,0,0.00,0,0,23,0.00,0,0,0.00,23,,,1,1,0,0,0,0,0,0,0,0,0,1,1,0,5
2016-04-14,131,18,7.3,9.58,0,0,0.00,0,0,0.00,0,0,0.00,0.00,0.00,0.00,0.00,0.00,0,0.00,0,0.00,0,0.00,0.00,0,0,0.00,0,0,15,0.00,0,0,0.00,15,,,0,0,0,0,0,0,0,0,1,1,0,1,1,0,2
2016-04-15,132,22,6.0,8.07,0,0,0.00,0,0,0.00,0,0,0.00,0.00,0.00,0.00,0.00,0.00,0,0.00,0,0.00,0,0.00,0.00,0,0,0.00,0,0,20,0.00,0,0,0.00,20,,,0,0,0,0,0,0,0,0,0,0,0,3,3,0,2
2016-04-16,82,10,8.2,10.46,0,0,0.00,0,0,0.00,0,0,0.00,0.00,0.00,0.00,0.00,0.00,0,0.00,0,0.00,0,0.00,0.00,0,0,0.00,0,0,8,0.00,0,0,0.00,8,,,0,0,0,0,0,0,0,0,0,2,2,0,0,0,1
2016-04-17,316,19,16.6,24.40,0,0,0.00,0,0,0.00,0,0,0.00,0.00,0.00,0.00,0.00,0.00,0,0.00,0,0.00,0,0.00,0.00,0,0,0.00,0,0,15,0.00,0,0,0.00,15,,,1,1,0,0,0,0,0,0,1,1,0,0,0,0,5
2016-04-18,459,72,6.4,9.05,0,0,0.00,0,0,0.00,0,0,0.00,0.00,0.00,0.00,0.00,0.00,0,0.00,0,0.00,0,0.00,0.00,0,0,0.00,0,0,62,0.00,0,0,0.00,62,2,2,2,2,0,0,0,0,0,0,10,10,0,4,5,1,8
2016-04-19,160,62,2.6,4.27,0,0,0.00,0,0,0.00,0,0,0.00,0.00,0.00,0.00,0.00,0.00,0,0.00,0,0.00,0,0.00,0.00,0,0,0.00,0,0,49,0.00,0,0,0.00,49,,,0,0,0,0,0,0,0,0,4,4,0,2,2,0,3
2016-04-20,65,25,2.6,4.29,0,0,0.00,0,0,0.00,0,0,0.00,0.00,0.00,0.00,0.00,0.00,0,0.00,0,0.00,0,0.00,0.00,0,0,0.00,0,0,21,0.00,0,0,0.00,21,,,0,0,0,0,0,0,0,0,0,0,0,0,0,0,1
2016-04-21,223,26,8.6,13.83,0,0,0.00,0,0,0.00,0,0,0.00,0.00,0.00,0.00,0.00,0.00,0,0.00,0,0.00,0,0.00,0.00,0,0,0.00,0,0,23,0.00,0,0,0.00,23,,,0,0,0,0,0,0,0,0,0,0,0,1,1,0,4
2016-04-22,391,33,11.8,18.65,0,0,0.00,0,0,0.00,0,0,0.00,0.00,0.00,0.00,0.00,0.00,0,0.00,0,0.00,0,0.00,0.00,0,0,0.00,0,0,30,0.00,0,0,0.00,30,,,0,0,0,0,0,0,0,0,0,0,0,2,2,0,7
2016-04-23,355,20,17.7,27.60,0,0,0.00,0,0,0.00,0,0,0.00,0.00,0.00,0.00,0.00,0.00,0,0.00,0,0.00,0,0.00,0.00,0,0,0.00,0,0,20,0.00,0,0,0.00,20,,,0,0,0,0,0,0,1,0,1,1,0,3,3,0,6
2016-04-24,167,19,8.8,14.32,0,0,0.00,0,0,0.00,0,0,0.00,0.00,0.00,0.00,0.00,0.00,0,0.00,0,0.00,0,0.00,0.00,0,0,0.00,0,0,18,0.00,0,0,0.00,18,,,0,0,0,0,0,0,0,0,0,0,0,0,0,0,3
2016-04-25,372,29,12.8,20.43,0,0,0.00,0,0,0.00,0,0,0.00,0.00,0.00,0.00,0.00,0.00,0,0.00,0,0.00,0,0.00,0.00,0,0,0.00,0,0,23,0.00,0,0,0.00,23,,,0,0,0,0,0,0,0,0,0,0,0,0,0,0,6
2016-04-26,395,67,5.9,9.34,0,0,0.00,0,0,0.00,0,0,0.00,0.00,0.00,0.00,0.00,0.00,0,0.00,0,0.00,0,0.00,0.00,0,0,0.00,0,0,60,0.00,0,0,0.00,60,,,0,0,0,0,0,0,8,0,1,1,0,3,4,1,7
2016-04-27,237,51,4.6,7.71,0,0,0.00,0,0,0.00,0,0,0.00,0.00,0.00,0.00,0.00,0.00,0,0.00,0,0.00,0,0.00,0.00,0,0,0.00,0,0,36,0.00,0,0,0.00,36,,,0,0,0,0,0,0,0,0,0,0,0,4,4,0,4
2016-04-28,308,56,5.5,8.30,0,0,0.00,0,0,0.00,0,0,0.00,0.00,0.00,0.00,0.00,0.00,0,0.00,0,0.00,0,0.00,0.00,0,0,0.00,0,0,51,0.00,0,0,0.00,51,,,0,0,0,0,0,0,7,0,1,1,0,3,3,0,5
2016-04-29,166,33,5.0,8.24,0,0,0.00,0,0,0.00,0,0,0.00,0.00,0.00,0.00,0.00,0.00,0,0.00,0,0.00,0,0.00,0.00,0,0,0.00,0,0,29,0.00,0,0,0.00,29,,,0,0,0,0,0,0,0,0,0,0,0,4,4,0,3
2016-04-30,253,24,10.6,16.80,0,0,0.00,0,0,0.00,0,0,0.00,0.00,0.00,0.00,0.00,0.00,0,0.00,0,0.00,0,0.00,0.00,71,2,0.00,1,0,18,0.00,0,0,0.00,18,,,0,0,0,0,0,0,0,0,1,1,0,0,0,0,4
2016-05-01,256,12,21.3,32.79,0,0,0.00,0,0,0.00,0,0,0.00,0.00,0.00,0.00,0.00,0.00,0,0.00,0,0.00,0,0.00,0.00,0,0,0.00,0,0,10,0.00,0,0,0.00,10,,,0,0,0,0,0,0,0,0,1,1,0,0,0,0,4
2016-05-02,39,8,4.9,7.47,0,0,0.00,0,0,0.00,0,0,0.00,0.00,0.00,0.00,0.00,0.00,0,0.00,0,0.00,0,0.00,0.00,0,0,0.00,0,0,7,0.00,0,0,0.00,7,,,0,0,0,0,0,0,0,0,3,3,0,0,0,0,1
2016-05-03,129,24,5.4,8.38,0,0,0.00,0,0,0.00,0,0,0.00,0.00,0.00,0.00,0.00,0.00,0,0.00,0,0.00,0,0.00,0.00,0,0,0.00,0,0,24,0.00,0,0,0.00,24,0,2,0,0,0,0,0,0,0,0,2,2,0,1,1,0,2
2016-05-04,804,99,8.1,13.89,0,0,0.00,0,0,0.00,0,0,0.00,0.00,0.00,0.00,0.00,0.00,0,0.00,0,0.00,0,0.00,0.00,0,0,0.00,0,0,82,0.00,0,0,0.00,82,2,0,0,0,0,0,0,0,0,0,3,3,0,2,2,0,13
2016-05-05,351,45,7.8,13.89,0,0,0.00,0,0,0.00,0,0,0.00,0.00,0.00,0.00,0.00,0.00,0,0.00,0,0.00,0,0.00,0.00,0,0,0.00,0,0,34,0.00,0,0,0.00,34,,,0,0,0,0,0,0,0,0,9,9,0,2,2,0,6
2016-05-06,183,50,3.7,6.31,0,0,0.00,0,0,0.00,0,0,0.00,0.00,0.00,0.00,0.00,0.00,0,0.00,0,0.00,0,0.00,0.00,0,0,0.00,0,0,45,0.00,0,0,0.00,45,,,0,0,0,0,0,0,4,0,2,2,0,0,0,0,3
2016-05-07,304,26,11.7,20.32,0,0,0.00,0,0,0.00,0,0,0.00,0.00,0.00,0.00,0.00,0.00,0,0.00,0,0.00,0,0.00,0.00,0,0,0.00,0,0,16,0.00,0,0,0.00,16,,,0,0,0,0,0,0,0,0,0,0,0,2,2,0,5
2016-05-08,369,41,9.0,14.73,0,0,0.00,0,0,0.00,0,0,0.00,0.00,0.00,0.00,0.00,0.00,0,0.00,0,0.00,0,0.00,0.00,0,0,0.00,0,0,36,0.00,0,0,0.00,36,,,1,1,0,0,0,0,1,0,0,0,0,2,2,0,6
2016-05-09,305,37,8.2,14.16,0,0,0.00,0,0,0.00,0,0,0.00,0.00,0.00,0.00,0.00,0.00,0,0.00,0,0.00,0,0.00,0.00,0,0,0.00,0,0,31,0.00,0,0,0.00,31,,,0,0,0,0,0,0,2,0,1,1,0,0,0,0,5
2016-05-10,250,31,8.1,13.44,0,0,0.00,0,0,0.00,0,0,0.00,0.00,0.00,0.00,0.00,0.00,0,0.00,0,0.00,0,0.00,0.00,0,0,0.00,0,0,27,0.00,0,0,0.00,27,,,0,0,0,0,0,0,0,0,2,2,0,1,1,0,4
2016-05-11,231,28,8.2,13.15,0,0,0.00,0,0,0.00,0,0,0.00,0.00,0.00,0.00,0.00,0.00,0,0.00,0,0.00,0,0.00,0.00,0,0,0.00,0,0,24,0.00,0,0,0.00,24,,,0,0,0,0,0,0,0,0,0,0,0,1,1,0,4
2016-05-12,150,22,6.8,11.45,0,0,0.00,0,0,0.00,0,0,0.00,0.00,0.00,0.00,0.00,0.00,0,0.00,0,0.00,0,0.00,0.00,0,0,0.00,0,0,21,0.00,0,0,0.00,21,,,0,0,0,0,0,0,0,0,0,0,0,2,2,0,3
2016-05-13,124,16,7.8,13.92,0,0,0.00,0,0,0.00,0,0,0.00,0.00,0.00,0.00,0.00,0.00,0,0.00,0,0.00,0,0.00,0.00,0,0,0.00,0,0,14,0.00,0,0,0.00,14,,,0,0,0,0,0,0,0,0,0,0,0,1,1,0,2
2016-05-14,52,8,6.5,11.24,0,0,0.00,0,0,0.00,0,0,0.00,0.00,0.00,0.00,0.00,0.00,0,0.00,0,0.00,0,0.00,0.00,0,0,0.00,0,0,7,0.00,0,0,0.00,7,,,0,0,0,0,0,0,0,0,0,0,0,0,0,0,1
2016-05-15,186,7,26.5,46.47,0,0,0.00,0,0,0.00,0,0,0.00,0.00,0.00,0.00,0.00,0.00,0,0.00,0,0.00,0,0.00,0.00,0,0,0.00,0,0,5,0.00,0,0,0.00,5,,,0,0,0,0,0,0,0,0,0,0,0,0,0,0,3
2016-05-16,279,37,7.5,12.69,0,0,0.00,0,0,0.00,0,0,0.00,0.00,0.00,0.00,0.00,0.00,0,0.00,0,0.00,0,0.00,0.00,0,0,0.00,0,0,34,0.00,0,0,0.00,34,,,1,1,0,0,0,0,0,0,0,0,0,0,0,0,5
2016-05-17,311,35,8.9,14.80,0,0,0.00,0,0,0.00,0,0,0.00,0.00,0.00,0.00,0.00,0.00,0,0.00,0,0.00,0,0.00,0.00,0,0,0.00,0,0,34,0.00,0,0,0.00,34,,,0,0,0,0,0,0,0,0,0,0,0,0,0,0,5
2016-05-18,229,25,9.2,15.44,0,0,0.00,0,0,0.00,0,0,0.00,0.00,0.00,0.00,0.00,0.00,0,0.00,0,0.00,0,0.00,0.00,0,0,0.00,0,0,20,0.00,0,0,0.00,20,,,0,0,0,0,0,0,0,0,0,0,0,0,0,0,4
2016-05-19,204,23,8.9,13.09,0,0,0.00,0,0,0.00,0,0,0.00,0.00,0.00,0.00,0.00,0.00,0,0.00,0,0.00,0,0.00,0.00,0,0,0.00,0,0,20,0.00,0,0,0.00,20,,,0,0,0,0,0,0,0,0,0,0,0,1,1,0,3
2016-05-20,316,21,15.1,24.50,0,0,0.00,0,0,0.00,0,0,0.00,0.00,0.00,0.00,0.00,0.00,0,0.00,0,0.00,0,0.00,0.00,0,0,0.00,0,0,22,0.00,0,0,0.00,22,,,0,0,0,0,0,0,1,0,0,0,0,0,0,0,5
2016-05-21,35,13,2.7,4.57,0,0,0.00,0,0,0.00,0,0,0.00,0.00,0.00,0.00,0.00,0.00,0,0.00,0,0.00,0,0.00,0.00,0,0,0.00,0,0,9,0.00,0,0,0.00,9,,,0,0,0,0,0,0,0,0,0,0,0,1,1,0,1
2016-05-22,269,28,9.6,16.21,0,0,0.00,0,0,0.00,0,0,0.00,0.00,0.00,0.00,0.00,0.00,0,0.00,0,0.00,0,0.00,0.00,0,0,0.00,0,0,27,0.00,0,0,0.00,27,,,0,0,0,0,0,0,0,0,1,1,0,1,1,0,4
2016-05-23,330,23,14.3,24.99,0,0,0.00,0,0,0.00,0,0,0.00,0.00,0.00,0.00,0.00,0.00,0,0.00,0,0.00,0,0.00,0.00,0,0,0.00,0,0,20,0.00,0,0,0.00,20,,,1,1,0,0,0,0,0,0,1,1,0,1,1,0,5
2016-05-24,115,20,5.8,9.95,0,0,0.00,0,0,0.00,0,0,0.00,0.00,0.00,0.00,0.00,0.00,0,0.00,0,0.00,0,0.00,0.00,0,0,0.00,0,0,18,0.00,0,0,0.00,18,,,0,0,0,0,0,0,0,0,1,1,0,0,0,0,2
2016-05-25,238,39,6.1,10.05,0,0,0.00,0,0,0.00,0,0,0.00,0.00,0.00,0.00,0.00,0.00,0,0.00,0,0.00,0,0.00,0.00,0,0,0.00,0,0,38,0.00,0,0,0.00,38,,,1,1,0,0,0,0,0,0,0,0,0,1,1,0,4
2016-05-26,288,27,10.7,17.93,0,0,0.00,0,0,0.00,0,0,0.00,0.00,0.00,0.00,0.00,0.00,0,0.00,0,0.00,0,0.00,0.00,36,2,0.00,1,0,13,0.00,0,0,0.00,13,,,0,0,0,0,0,0,3,0,1,1,0,0,0,0,5
2016-05-27,262,19,13.8,23.08,0,0,0.00,0,0,0.00,0,0,0.00,0.00,0.00,0.00,0.00,0.00,0,0.00,0,0.00,0,0.00,0.00,0,0,0.00,0,0,14,0.00,0,0,0.00,14,,,0,0,0,0,0,0,0,0,0,1,1,0,0,0,4
2016-05-28,90,10,9.0,14.75,0,0,0.00,0,0,0.00,0,0,0.00,0.00,0.00,0.00,0.00,0.00,0,0.00,0,0.00,0,0.00,0.00,0,0,0.00,0,0,8,0.00,0,0,0.00,8,,,0,0,0,0,0,0,0,0,0,0,0,0,0,0,1
2016-05-29,384,14,27.5,43.31,0,0,0.00,0,0,0.00,0,0,0.00,0.00,0.00,0.00,0.00,0.00,0,0.00,0,0.00,0,0.00,0.00,0,0,0.00,0,0,11,0.00,0,0,0.00,11,,,0,0,0,0,0,0,2,0,0,0,0,0,0,0,6
2016-05-30,687,49,14.0,20.78,0,0,0.00,0,0,0.00,0,0,0.00,0.00,0.00,0.00,0.00,0.00,0,0.00,0,0.00,0,0.00,0.00,13,1,0.00,0,0,31,0.00,0,0,0.00,31,,,3,3,0,0,0,0,3,0,1,1,0,2,2,0,11
2016-05-31,396,58,6.8,10.10,0,0,0.00,0,0,0.00,0,0,0.00,0.00,0.00,0.00,0.00,0.00,0,0.00,0,0.00,0,0.00,0.00,0,0,0.00,0,0,49,0.00,0,0,0.00,49,,,0,0,0,0,0,0,1,1,1,1,0,0,0,0,7
2016-06-01,646,53,12.2,19.41,0,0,0.00,0,0,0.00,0,0,0.00,0.00,0.00,0.00,0.00,0.00,0,0.00,0,0.00,0,0.00,0.00,0,0,0.00,0,0,42,0.00,0,0,0.00,42,,,0,0,0,0,0,0,0,0,3,3,0,2,2,0,11
2016-06-02,210,20,10.5,17.02,0,0,0.00,0,0,0.00,0,0,0.00,0.00,0.00,0.00,0.00,0.00,0,0.00,0,0.00,0,0.00,0.00,0,0,0.00,0,0,18,0.00,0,0,0.00,18,,,0,0,0,0,0,0,0,0,0,0,0,2,2,0,4
2016-06-03,155,16,9.7,16.16,0,0,0.00,0,0,0.00,0,0,0.00,0.00,0.00,0.00,0.00,0.00,0,0.00,0,0.00,0,0.00,0.00,0,0,0.00,0,0,14,0.00,0,0,0.00,14,,,0,0,0,0,0,0,0,0,0,0,0,0,0,0,3
2016-06-04,87,10,8.7,15.16,0,0,0.00,0,0,0.00,0,0,0.00,0.00,0.00,0.00,0.00,0.00,0,0.00,0,0.00,0,0.00,0.00,0,0,0.00,0,0,4,0.00,0,0,0.00,4,,,0,0,0,0,0,0,0,0,0,0,0,1,1,0,1
2016-06-05,76,10,7.6,13.00,0,0,0.00,0,0,0.00,0,0,0.00,0.00,0.00,0.00,0.00,0.00,0,0.00,0,0.00,0,0.00,0.00,0,0,0.00,0,0,8,0.00,0,0,0.00,8,,,1,1,0,0,0,0,0,0,2,2,0,2,2,0,1
2016-06-06,402,72,5.6,9.26,0,0,0.00,0,0,0.00,0,0,0.00,0.00,0.00,0.00,0.00,0.00,0,0.00,0,0.00,0,0.00,0.00,0,0,0.00,0,0,62,0.00,0,0,0.00,62,,,0,0,0,0,0,0,3,0,0,1,1,9,9,0,7
2016-06-07,185,23,8.1,13.52,0,0,0.00,0,0,0.00,0,0,0.00,0.00,0.00,0.00,0.00,0.00,0,0.00,0,0.00,0,0.00,0.00,0,0,0.00,0,0,20,0.00,0,0,0.00,20,,,0,0,0,0,0,0,0,0,1,1,0,3,3,0,3
2016-06-08,388,35,11.1,18.55,0,0,0.00,0,0,0.00,0,0,0.00,0.00,0.00,0.00,0.00,0.00,0,0.00,0,0.00,0,0.00,0.00,0,0,0.00,0,0,31,0.00,0,0,0.00,31,,,0,0,0,0,0,0,0,0,0,0,0,4,4,0,6
2016-06-09,203,20,10.1,16.24,0,0,0.00,0,0,0.00,0,0,0.00,0.00,0.00,0.00,0.00,0.00,0,0.00,0,0.00,0,0.00,0.00,0,0,0.00,0,0,18,0.00,0,0,0.00,18,,,0,0,0,0,0,0,2,0,1,1,0,1,1,0,3
2016-06-10,227,27,8.4,12.51,0,0,0.00,0,0,0.00,0,0,0.00,0.00,0.00,0.00,0.00,0.00,0,0.00,0,0.00,0,0.00,0.00,0,0,0.00,0,0,20,0.00,0,0,0.00,20,,,0,0,0,0,0,0,0,0,0,0,0,1,1,0,4
2016-06-11,222,17,13.1,22.67,0,0,0.00,0,0,0.00,0,0,0.00,0.00,0.00,0.00,0.00,0.00,0,0.00,0,0.00,0,0.00,0.00,0,0,0.00,0,0,13,0.00,0,0,0.00,13,,,0,0,0,0,0,0,0,0,0,0,0,0,0,0,4
2016-06-12,254,17,14.9,23.88,0,0,0.00,0,0,0.00,0,0,0.00,0.00,0.00,0.00,0.00,0.00,0,0.00,0,0.00,0,0.00,0.00,0,0,0.00,0,0,16,0.00,0,0,0.00,16,,,0,0,0,0,0,0,0,0,0,0,0,0,0,0,4
2016-06-13,40,15,2.7,4.52,0,0,0.00,0,0,0.00,0,0,0.00,0.00,0.00,0.00,0.00,0.00,0,0.00,0,0.00,0,0.00,0.00,0,0,0.00,0,0,11,0.00,0,0,0.00,11,,,0,0,0,0,0,0,0,0,0,0,0,1,1,0,1
2016-06-14,49,14,3.5,4.83,0,0,0.00,0,0,0.00,0,0,0.00,0.00,0.00,0.00,0.00,0.00,0,0.00,0,0.00,0,0.00,0.00,5,1,0.00,0,0,10,0.00,0,0,0.00,10,,,0,0,0,0,0,0,1,0,0,0,0,1,1,0,1
2016-06-15,58,7,8.3,11.82,0,0,0.00,0,0,0.00,0,0,0.00,0.00,0.00,0.00,0.00,0.00,0,0.00,0,0.00,0,0.00,0.00,0,0,0.00,0,0,7,0.00,0,0,0.00,7,,,0,0,0,0,0,0,0,0,0,0,0,0,0,0,1
2016-06-16,65,27,2.4,4.11,0,0,0.00,0,0,0.00,0,0,0.00,0.00,0.00,0.00,0.00,0.00,0,0.00,0,0.00,0,0.00,0.00,2,5,0.00,0,0,26,0.00,0,0,0.00,26,,,0,0,0,0,0,0,0,0,0,0,0,1,1,0,1
2016-06-17,238,16,14.9,25.21,0,0,0.00,0,0,0.00,0,0,0.00,0.00,0.00,0.00,0.00,0.00,0,0.00,0,0.00,0,0.00,0.00,0,0,0.00,0,0,11,0.00,0,0,0.00,11,,,0,0,0,0,0,0,0,0,0,0,0,0,0,0,4
2016-06-18,285,23,12.4,21.25,0,0,0.00,0,0,0.00,0,0,0.00,0.00,0.00,0.00,0.00,0.00,0,0.00,0,0.00,0,0.00,0.00,0,0,0.00,0,0,23,0.00,0,0,0.00,23,,,0,0,0,0,0,0,0,0,0,0,0,0,0,0,5
2016-06-19,121,13,9.3,15.84,0,0,0.00,0,0,0.00,0,0,0.00,0.00,0.00,0.00,0.00,0.00,0,0.00,0,0.00,0,0.00,0.00,0,0,0.00,0,0,9,0.00,0,0,0.00,9,,,0,0,0,0,0,0,0,0,0,0,0,0,0,0,2
2016-06-20,49,19,2.6,4.40,0,0,0.00,0,0,0.00,0,0,0.00,0.00,0.00,0.00,0.00,0.00,0,0.00,0,0.00,0,0.00,0.00,0,0,0.00,0,0,16,0.00,0,0,0.00,16,,,0,0,0,0,0,0,0,0,0,0,0,0,0,0,1
2016-06-21,68,15,4.5,7.08,0,0,0.00,0,0,0.00,0,0,0.00,0.00,0.00,0.00,0.00,0.00,0,0.00,0,0.00,0,0.00,0.00,0,2,0.00,0,0,10,0.00,0,0,0.00,10,,,0,0,0,0,0,0,0,0,0,0,0,0,0,0,1
2016-06-22,144,13,11.1,17.80,0,0,0.00,0,0,0.00,0,0,0.00,0.00,0.00,0.00,0.00,0.00,0,0.00,0,0.00,0,0.00,0.00,0,0,0.00,0,0,12,0.00,0,0,0.00,12,,,0,0,0,0,0,0,0,0,0,0,0,0,0,0,2
2016-06-23,75,11,6.9,11.61,0,0,0.00,0,0,0.00,0,0,0.00,0.00,0.00,0.00,0.00,0.00,0,0.00,0,0.00,0,0.00,0.00,0,0,0.00,0,0,9,0.00,0,0,0.00,9,,,0,0,0,0,0,0,0,0,14,14,0,1,1,0,1
2016-06-24,44,5,8.8,15.01,0,0,0.00,0,0,0.00,0,0,0.00,0.00,0.00,0.00,0.00,0.00,0,0.00,0,0.00,0,0.00,0.00,0,0,0.00,0,0,5,0.00,0,0,0.00,5,,,0,0,0,0,0,0,0,0,1,1,0,1,1,0,1
2016-06-25,2,4,0.5,0.73,0,0,0.00,0,0,0.00,0,0,0.00,0.00,0.00,0.00,0.00,0.00,0,0.00,0,0.00,0,0.00,0.00,0,0,0.00,0,0,3,0.00,0,0,0.00,3,,,0,0,0,0,0,0,0,0,0,0,0,0,0,0,0
2016-06-26,226,9,25.1,44.24,0,0,0.00,0,0,0.00,0,0,0.00,0.00,0.00,0.00,0.00,0.00,0,0.00,0,0.00,0,0.00,0.00,0,0,0.00,0,0,9,0.00,0,0,0.00,9,,,0,0,0,0,0,0,0,0,0,0,0,0,0,0,4
2016-06-27,325,29,11.2,18.10,0,0,0.00,0,0,0.00,0,0,0.00,0.00,0.00,0.00,0.00,0.00,0,0.00,0,0.00,0,0.00,0.00,0,1,0.00,0,0,28,0.00,0,0,0.00,28,,,0,0,0,0,0,0,0,0,0,0,0,2,2,0,5
2016-06-28,61,20,3.1,4.67,0,0,0.00,0,0,0.00,0,0,0.00,0.00,0.00,0.00,0.00,0.00,0,0.00,0,0.00,0,0.00,0.00,2,2,0.00,0,0,17,0.00,0,0,0.00,17,,,0,0,0,0,0,0,0,0,0,0,0,1,1,0,1
2016-06-29,74,11,6.7,11.31,0,0,0.00,0,0,0.00,0,0,0.00,0.00,0.00,0.00,0.00,0.00,0,0.00,0,0.00,0,0.00,0.00,0,0,0.00,0,0,8,0.00,0,0,0.00,8,,,0,0,0,0,0,0,0,0,0,0,0,1,1,0,1
2016-06-30,253,19,13.3,21.78,0,0,0.00,0,0,0.00,0,0,0.00,0.00,0.00,0.00,0.00,0.00,0,0.00,0,0.00,0,0.00,0.00,0,0,0.00,0,0,18,0.00,0,0,0.00,18,,,0,0,0,0,0,0,0,0,1,1,0,3,3,0,4
2016-07-01,83,17,4.9,8.63,0,0,0.00,0,0,0.00,0,0,0.00,0.00,0.00,0.00,0.00,0.00,0,0.00,0,0.00,0,0.00,0.00,0,0,0.00,0,0,13,0.00,0,0,0.00,13,,,0,0,0,0,0,0,3,0,0,0,0,1,1,0,1
2016-07-02,168,14,12.0,19.09,0,0,0.00,0,0,0.00,0,0,0.00,0.00,0.00,0.00,0.00,0.00,0,0.00,0,0.00,0,0.00,0.00,0,0,0.00,0,0,13,0.00,0,0,0.00,13,,,0,0,0,0,0,0,0,0,0,0,0,1,1,0,3
2016-07-03,211,20,10.5,17.48,0,0,0.00,0,0,0.00,0,0,0.00,0.00,0.00,0.00,0.00,0.00,0,0.00,0,0.00,0,0.00,0.00,0,0,0.00,0,0,18,0.00,0,0,0.00,18,,,0,0,0,0,0,0,0,0,1,1,0,2,2,0,4
2016-07-04,391,28,14.0,23.48,0,0,0.00,0,0,0.00,0,0,0.00,0.00,0.00,0.00,0.00,0.00,0,0.00,0,0.00,0,0.00,0.00,0,0,0.00,0,0,26,0.00,0,0,0.00,26,,,0,0,0,0,0,0,0,0,0,0,0,0,0,0,7
2016-07-05,725,68,10.7,17.28,0,0,0.00,0,0,0.00,0,0,0.00,0.00,0.00,0.00,0.00,0.00,0,0.00,0,0.00,0,0.00,0.00,0,0,0.00,0,0,63,0.00,0,0,0.00,63,,,0,0,0,0,0,0,0,0,2,3,1,5,5,0,12
2016-07-06,311,53,5.9,9.53,0,0,0.00,0,0,0.00,0,0,0.00,0.00,0.00,0.00,0.00,0.00,0,0.00,0,0.00,0,0.00,0.00,0,0,0.00,0,0,43,0.00,0,0,0.00,43,,,0,0,0,0,0,0,0,0,0,0,0,6,6,0,5
2016-07-07,336,35,9.6,16.48,0,0,0.00,0,0,0.00,0,0,0.00,0.00,0.00,0.00,0.00,0.00,0,0.00,0,0.00,0,0.00,0.00,0,0,0.00,0,0,31,0.00,0,0,0.00,31,0,2,0,0,0,0,0,0,1,0,1,1,0,6,7,1,6
2016-07-08,6580,265,24.8,160.51,0,0,0.00,0,0,0.00,0,0,0.00,0.00,0.00,0.00,0.00,0.00,0,0.00,0,0.00,0,0.00,0.00,0,0,0.00,0,1,199,0.50,0,0,0.00,199,0,5,0,1,1,0,0,0,0,2,2,3,1,12,12,0,110
2016-07-09,201,42,4.8,7.98,0,0,0.00,0,0,0.00,0,0,0.00,0.00,0.00,0.00,0.00,0.00,0,0.00,0,0.00,0,0.00,0.00,0,0,0.00,0,0,33,0.00,0,0,0.00,33,0,0,0,0,0,0,0,0,3,0,0,0,0,1,1,0,3
2016-07-10,368,38,9.7,15.75,0,0,0.00,0,0,0.00,0,0,0.00,0.00,0.00,0.00,0.00,0.00,0,0.00,0,0.00,0,0.00,0.00,0,0,0.00,0,0,35,0.00,0,0,0.00,35,,,0,0,0,0,0,0,0,0,1,1,0,1,1,0,6
2016-07-11,212,37,5.7,8.91,0,0,0.00,0,0,0.00,0,0,0.00,0.00,0.00,0.00,0.00,0.00,0,0.00,0,0.00,0,0.00,0.00,0,0,0.00,0,0,33,0.00,0,0,0.00,33,0,0,2,2,0,0,0,0,0,0,0,0,0,0,0,0,4
2016-07-12,3443,448,7.7,12.67,0,0,0.00,0,0,0.00,0,0,0.00,0.00,0.00,0.00,0.00,0.00,0,0.00,0,0.00,0,0.00,0.00,2,3,0.00,0,0,324,0.00,0,0,0.00,324,1,0,7,7,0,0,0,0,6,0,16,16,0,17,17,0,57
2016-07-13,1884,274,6.9,11.31,0,0,0.00,0,0,0.00,0,0,0.00,0.00,0.00,0.00,0.00,0.00,0,0.00,0,0.00,0,0.00,0.00,0,0,0.00,0,1,204,0.49,0,0,0.00,204,,,2,2,0,0,0,0,4,0,5,5,0,4,4,0,31
2016-07-14,914,151,6.1,9.72,0,0,0.00,0,0,0.00,0,0,0.00,0.00,0.00,0.00,0.00,0.00,0,0.00,0,0.00,0,0.00,0.00,0,0,0.00,0,1,116,0.86,0,0,0.00,116,0,1,0,0,0,0,0,0,1,0,0,1,1,2,2,0,15
2016-07-15,1084,140,7.7,12.67,0,0,0.00,0,0,0.00,0,0,0.00,0.00,0.00,0.00,0.00,0.00,0,0.00,0,0.00,0,0.00,0.00,0,0,0.00,0,0,95,0.00,0,0,0.00,95,1,0,2,2,0,0,0,0,8,1,6,6,0,2,2,0,18
2016-07-16,454,68,6.7,10.91,0,0,0.00,0,0,0.00,0,0,0.00,0.00,0.00,0.00,0.00,0.00,0,0.00,0,0.00,0,0.00,0.00,0,0,0.00,0,0,33,0.00,0,0,0.00,33,,,1,1,0,0,0,0,2,0,1,1,0,2,2,0,8
2016-07-17,631,52,12.1,19.81,0,0,0.00,0,0,0.00,0,0,0.00,0.00,0.00,0.00,0.00,0.00,0,0.00,0,0.00,0,0.00,0.00,0,0,0.00,0,0,34,0.00,0,0,0.00,34,,,1,1,0,0,0,0,0,0,1,1,0,3,3,0,11
2016-07-18,322,67,4.8,7.85,0,0,0.00,0,0,0.00,0,0,0.00,0.00,0.00,0.00,0.00,0.00,0,0.00,0,0.00,0,0.00,0.00,0,0,0.00,0,0,53,0.00,0,0,0.00,53,,,0,0,0,0,0,0,3,0,0,0,0,1,1,0,5
2016-07-19,1364,233,5.9,9.67,0,0,0.00,0,0,0.00,0,0,0.00,0.00,0.00,0.00,0.00,0.00,0,0.00,0,0.00,0,0.00,0.00,0,1,0.00,0,0,164,0.00,0,0,0.00,164,,,3,3,0,0,0,0,6,0,6,7,1,10,10,0,23
2016-07-20,494,85,5.8,9.40,0,0,0.00,0,0,0.00,0,0,0.00,0.00,0.00,0.00,0.00,0.00,0,0.00,0,0.00,0,0.00,0.00,0,0,0.00,0,0,57,0.00,0,0,0.00,57,,,1,1,0,0,0,0,1,0,1,1,0,2,2,0,8
2016-07-21,347,51,6.8,11.18,0,0,0.00,0,0,0.00,0,0,0.00,0.00,0.00,0.00,0.00,0.00,0,0.00,0,0.00,0,0.00,0.00,0,0,0.00,0,0,30,0.00,0,0,0.00,30,,,2,2,0,0,0,0,0,0,0,0,0,1,2,1,6
2016-07-22,388,65,6.0,9.91,0,0,0.00,0,0,0.00,0,0,0.00,0.00,0.00,0.00,0.00,0.00,0,0.00,0,0.00,0,0.00,0.00,0,0,0.00,0,0,45,0.00,0,0,0.00,45,,,0,0,0,0,0,0,0,0,0,0,0,0,0,0,6
2016-07-23,319,42,7.6,12.69,0,0,0.00,0,0,0.00,0,0,0.00,0.00,0.00,0.00,0.00,0.00,0,0.00,0,0.00,0,0.00,0.00,0,0,0.00,0,0,36,0.00,0,0,0.00,36,,,0,0,0,0,0,0,1,0,0,0,0,1,1,0,5
2016-07-24,136,36,3.8,6.12,0,0,0.00,0,0,0.00,0,0,0.00,0.00,0.00,0.00,0.00,0.00,0,0.00,0,0.00,0,0.00,0.00,0,0,0.00,0,0,22,0.00,0,0,0.00,22,,,1,1,0,0,0,0,0,1,1,1,0,2,2,0,2
2016-07-25,555,91,6.1,10.00,0,0,0.00,0,0,0.00,0,0,0.00,0.00,0.00,0.00,0.00,0.00,0,0.00,0,0.00,0,0.00,0.00,0,0,0.00,0,0,78,0.00,0,0,0.00,78,,,2,2,0,0,0,0,1,0,4,4,0,7,7,0,9
2016-07-26,373,84,4.4,7.21,0,0,0.00,0,0,0.00,0,0,0.00,0.00,0.00,0.00,0.00,0.00,0,0.00,0,0.00,0,0.00,0.00,0,0,0.00,0,0,74,0.00,0,0,0.00,74,,,0,0,0,0,0,0,0,0,1,1,0,0,0,0,6
2016-07-27,518,61,8.5,14.01,0,0,0.00,0,0,0.00,0,0,0.00,0.00,0.00,0.00,0.00,0.00,0,0.00,0,0.00,0,0.00,0.00,0,0,0.00,0,0,49,0.00,0,0,0.00,49,,,0,0,0,0,0,0,0,0,1,1,0,1,1,0,9
2016-07-28,885,62,14.3,23.22,0,0,0.00,0,0,0.00,0,0,0.00,0.00,0.00,0.00,0.00,0.00,0,0.00,0,0.00,0,0.00,0.00,0,0,0.00,0,0,53,0.00,0,0,0.00,53,,,0,0,0,0,0,0,1,0,0,0,0,0,0,0,15
2016-07-29,3330,160,20.8,84.24,0,0,0.00,0,0,0.00,0,0,0.00,0.00,0.00,0.00,0.00,0.00,0,0.00,0,0.00,0,0.00,0.00,0,0,0.00,0,0,117,0.00,0,0,0.00,117,0,1,4,4,0,0,0,0,2,1,3,3,0,0,0,0,55
2016-07-30,441,29,15.2,24.94,0,0,0.00,0,0,0.00,0,0,0.00,0.00,0.00,0.00,0.00,0.00,0,0.00,0,0.00,0,0.00,0.00,0,0,0.00,0,0,24,0.00,0,0,0.00,24,,,1,1,0,0,0,0,0,0,2,2,0,0,0,0,7
2016-07-31,197,30,6.6,10.95,0,0,0.00,0,0,0.00,0,0,0.00,0.00,0.00,0.00,0.00,0.00,0,0.00,0,0.00,0,0.00,0.00,46,2,0.00,1,0,20,0.00,0,0,0.00,20,,,0,0,0,0,0,0,0,0,18,18,0,3,3,0,3
2016-08-01,261,29,9.0,14.40,0,0,0.00,0,0,0.00,0,0,0.00,0.00,0.00,0.00,0.00,0.00,0,0.00,0,0.00,0,0.00,0.00,0,0,0.00,0,0,25,0.00,0,0,0.00,25,0,1,0,0,0,0,0,0,0,0,2,2,0,1,1,0,4
2016-08-02,633,86,7.4,10.99,0,0,0.00,0,0,0.00,0,0,0.00,0.00,0.00,0.00,0.00,0.00,0,0.00,0,0.00,0,0.00,0.00,0,0,0.00,0,0,73,0.00,0,0,0.00,73,1,0,0,0,0,0,0,0,1,0,5,8,3,1,1,0,11
2016-08-03,541,51,10.6,16.62,0,0,0.00,0,0,0.00,0,0,0.00,0.00,0.00,0.00,0.00,0.00,0,0.00,0,0.00,0,0.00,0.00,0,0,0.00,0,0,37,0.00,0,0,0.00,37,,,0,0,0,0,0,0,0,0,1,1,0,1,1,0,9
2016-08-04,218,30,7.3,11.39,0,0,0.00,0,0,0.00,0,0,0.00,0.00,0.00,0.00,0.00,0.00,0,0.00,0,0.00,0,0.00,0.00,0,0,0.00,0,0,25,0.00,0,0,0.00,25,,,0,0,0,0,0,0,0,0,1,1,0,1,1,0,4
2016-08-05,160,38,4.2,6.44,0,0,0.00,0,0,0.00,0,0,0.00,0.00,0.00,0.00,0.00,0.00,0,0.00,0,0.00,0,0.00,0.00,0,0,0.00,0,0,32,0.00,0,0,0.00,32,,,1,1,0,0,0,0,0,0,3,3,0,1,1,0,3
2016-08-06,119,15,7.9,12.39,0,0,0.00,0,0,0.00,0,0,0.00,0.00,0.00,0.00,0.00,0.00,0,0.00,0,0.00,0,0.00,0.00,0,0,0.00,0,0,12,0.00,0,0,0.00,12,,,0,0,0,0,0,0,0,0,0,0,0,0,0,0,2
2016-08-07,221,22,10.1,15.34,0,0,0.00,0,0,0.00,0,0,0.00,0.00,0.00,0.00,0.00,0.00,0,0.00,0,0.00,0,0.00,0.00,0,0,0.00,0,0,18,0.00,0,0,0.00,18,,,2,2,0,0,0,0,0,0,0,0,0,1,1,0,4
2016-08-08,409,68,6.0,9.51,0,0,0.00,0,0,0.00,0,0,0.00,0.00,0.00,0.00,0.00,0.00,0,0.00,0,0.00,0,0.00,0.00,0,0,0.00,0,0,58,0.00,0,0,0.00,58,,,1,1,0,0,0,0,4,0,2,2,0,0,1,1,7
2016-08-09,210,52,4.0,6.04,0,0,0.00,0,0,0.00,0,0,0.00,0.00,0.00,0.00,0.00,0.00,0,0.00,0,0.00,0,0.00,0.00,0,0,0.00,0,0,45,0.00,0,0,0.00,45,,,0,0,0,0,0,0,1,0,1,1,0,0,0,0,4
2016-08-10,552,64,8.6,13.30,0,0,0.00,0,0,0.00,0,0,0.00,0.00,0.00,0.00,0.00,0.00,0,0.00,0,0.00,0,0.00,0.00,0,0,0.00,0,0,54,0.00,0,0,0.00,54,,,0,0,0,1,1,0,1,0,1,2,1,0,0,0,9
2016-08-11,241,51,4.7,7.23,0,0,0.00,0,0,0.00,0,0,0.00,0.00,0.00,0.00,0.00,0.00,0,0.00,0,0.00,0,0.00,0.00,0,0,0.00,0,0,31,0.00,0,0,0.00,31,,,0,0,0,0,0,0,0,0,1,1,0,0,0,0,4
2016-08-12,263,37,7.1,10.68,0,0,0.00,0,0,0.00,0,0,0.00,0.00,0.00,0.00,0.00,0.00,0,0.00,0,0.00,0,0.00,0.00,0,0,0.00,0,0,34,0.00,0,0,0.00,34,,,0,0,0,0,1,1,0,0,0,0,0,0,0,0,4
2016-08-13,381,31,12.3,18.88,0,0,0.00,0,0,0.00,0,0,0.00,0.00,0.00,0.00,0.00,0.00,0,0.00,0,0.00,0,0.00,0.00,0,0,0.00,0,0,30,0.00,0,0,0.00,30,,,0,0,0,0,0,0,1,0,2,2,0,1,2,1,6
2016-08-14,121,25,4.9,7.66,0,0,0.00,0,0,0.00,0,0,0.00,0.00,0.00,0.00,0.00,0.00,0,0.00,0,0.00,0,0.00,0.00,0,0,0.00,0,0,25,0.00,0,0,0.00,25,,,0,0,0,0,0,0,0,0,0,0,0,3,3,0,2
2016-08-15,243,30,8.1,13.15,0,0,0.00,0,0,0.00,0,0,0.00,0.00,0.00,0.00,0.00,0.00,0,0.00,0,0.00,0,0.00,0.00,0,0,0.00,0,0,26,0.00,0,0,0.00,26,,,0,0,0,0,0,0,0,0,1,1,0,0,0,0,4
2016-08-16,210,28,7.5,12.30,0,0,0.00,0,0,0.00,0,0,0.00,0.00,0.00,0.00,0.00,0.00,0,0.00,0,0.00,0,0.00,0.00,0,0,0.00,0,0,20,0.00,0,0,0.00,20,,,0,0,0,0,0,0,0,0,3,3,0,0,0,0,4
2016-08-17,385,38,10.1,16.03,0,0,0.00,0,0,0.00,0,0,0.00,0.00,0.00,0.00,0.00,0.00,0,0.00,0,0.00,0,0.00,0.00,0,0,0.00,0,0,30,0.00,0,0,0.00,30,,,0,0,0,0,0,0,0,0,0,0,0,0,0,0,6
2016-08-18,437,34,12.9,19.86,0,0,0.00,0,0,0.00,0,0,0.00,0.00,0.00,0.00,0.00,0.00,0,0.00,0,0.00,0,0.00,0.00,0,0,0.00,0,0,27,0.00,0,0,0.00,27,,,0,0,0,0,0,0,1,0,0,0,0,-1,0,1,7
2016-08-19,208,29,7.2,10.50,0,0,0.00,0,0,0.00,0,0,0.00,0.00,0.00,0.00,0.00,0.00,0,0.00,0,0.00,0,0.00,0.00,0,0,0.00,0,0,17,0.00,0,0,0.00,17,,,0,0,0,0,0,0,0,0,0,0,0,0,1,1,3
2016-08-20,194,27,7.2,11.44,0,0,0.00,0,0,0.00,0,0,0.00,0.00,0.00,0.00,0.00,0.00,0,0.00,0,0.00,0,0.00,0.00,0,0,0.00,0,0,23,0.00,0,0,0.00,23,,,1,1,0,0,0,0,0,0,2,2,0,0,1,1,3
2016-08-21,273,31,8.8,13.70,0,0,0.00,0,0,0.00,0,0,0.00,0.00,0.00,0.00,0.00,0.00,0,0.00,0,0.00,0,0.00,0.00,0,0,0.00,0,0,23,0.00,0,0,0.00,23,,,0,0,0,0,0,0,0,0,-1,0,1,2,2,0,5
2016-08-22,149,26,5.7,9.00,0,0,0.00,0,0,0.00,0,0,0.00,0.00,0.00,0.00,0.00,0.00,0,0.00,0,0.00,0,0.00,0.00,0,0,0.00,0,0,23,0.00,0,0,0.00,23,,,0,0,0,0,0,0,0,0,0,0,0,0,0,0,2
2016-08-23,101,17,5.9,9.49,0,0,0.00,0,0,0.00,0,0,0.00,0.00,0.00,0.00,0.00,0.00,0,0.00,0,0.00,0,0.00,0.00,0,0,0.00,0,1,13,7.69,0,0,0.00,13,,,0,0,0,0,0,0,1,0,0,0,0,0,0,0,2
2016-08-24,311,30,10.4,16.39,0,0,0.00,0,0,0.00,0,0,0.00,0.00,0.00,0.00,0.00,0.00,0,0.00,0,0.00,0,0.00,0.00,0,0,0.00,0,0,27,0.00,0,0,0.00,27,,,1,1,0,0,0,0,0,0,1,1,0,1,1,0,5
2016-08-25,400,38,10.5,16.69,0,0,0.00,0,0,0.00,0,0,0.00,0.00,0.00,0.00,0.00,0.00,0,0.00,0,0.00,0,0.00,0.00,0,0,0.00,0,0,31,0.00,0,0,0.00,31,,,0,0,0,0,0,0,0,0,0,0,0,2,2,0,7
2016-08-26,164,23,7.1,11.15,0,0,0.00,0,0,0.00,0,0,0.00,0.00,0.00,0.00,0.00,0.00,0,0.00,0,0.00,0,0.00,0.00,0,0,0.00,0,0,18,0.00,0,0,0.00,18,,,0,0,0,0,0,0,0,0,0,0,0,0,0,0,3
2016-08-27,178,10,17.8,29.41,0,0,0.00,0,0,0.00,0,0,0.00,0.00,0.00,0.00,0.00,0.00,0,0.00,0,0.00,0,0.00,0.00,0,0,0.00,0,0,5,0.00,0,0,0.00,5,,,0,0,0,0,0,0,0,0,1,1,0,2,2,0,3
2016-08-28,237,24,9.9,15.87,0,0,0.00,0,0,0.00,0,0,0.00,0.00,0.00,0.00,0.00,0.00,0,0.00,0,0.00,0,0.00,0.00,0,0,0.00,0,1,19,5.26,0,0,0.00,19,,,0,0,0,0,0,0,0,0,5,5,0,0,0,0,4
2016-08-29,184,21,8.8,14.04,0,0,0.00,0,0,0.00,0,0,0.00,0.00,0.00,0.00,0.00,0.00,0,0.00,0,0.00,0,0.00,0.00,0,0,0.00,0,0,14,0.00,0,0,0.00,14,,,0,0,0,0,0,0,0,0,0,0,0,1,1,0,3
2016-08-30,477,38,12.5,19.53,0,0,0.00,0,0,0.00,0,0,0.00,0.00,0.00,0.00,0.00,0.00,0,0.00,0,0.00,0,0.00,0.00,0,0,0.00,0,0,33,0.00,0,0,0.00,33,,,0,0,0,0,0,0,1,0,0,0,0,-1,0,1,8
2016-08-31,559,33,16.9,26.89,0,0,0.00,0,0,0.00,0,0,0.00,0.00,0.00,0.00,0.00,0.00,0,0.00,0,0.00,0,0.00,0.00,0,0,0.00,0,0,31,0.00,0,0,0.00,31,,,0,0,0,0,0,0,0,0,0,0,0,2,2,0,9
2016-09-01,325,36,9.0,14.04,0,0,0.00,0,0,0.00,0,0,0.00,0.00,0.00,0.00,0.00,0.00,0,0.00,0,0.00,0,0.00,0.00,0,0,0.00,0,0,32,0.00,0,0,0.00,32,,,0,0,0,0,0,0,0,0,0,0,0,2,2,0,5
2016-09-02,152,31,4.9,7.49,0,0,0.00,0,0,0.00,0,0,0.00,0.00,0.00,0.00,0.00,0.00,0,0.00,0,0.00,0,0.00,0.00,0,0,0.00,0,0,24,0.00,0,0,0.00,24,,,0,0,0,0,0,0,0,0,0,0,0,0,0,0,3
2016-09-03,97,10,9.7,15.39,0,0,0.00,0,0,0.00,0,0,0.00,0.00,0.00,0.00,0.00,0.00,0,0.00,0,0.00,0,0.00,0.00,0,0,0.00,0,0,7,0.00,0,0,0.00,7,,,1,1,0,0,0,0,0,0,0,0,0,1,1,0,2
2016-09-04,243,30,8.1,13.07,0,0,0.00,0,0,0.00,0,0,0.00,0.00,0.00,0.00,0.00,0.00,0,0.00,0,0.00,0,0.00,0.00,0,0,0.00,0,0,20,0.00,0,0,0.00,20,,,0,0,0,0,0,0,1,0,2,2,0,0,0,0,4
2016-09-05,202,19,10.6,16.28,0,0,0.00,0,0,0.00,0,0,0.00,0.00,0.00,0.00,0.00,0.00,0,0.00,0,0.00,0,0.00,0.00,75,3,0.00,1,0,12,0.00,0,0,0.00,12,,,0,0,0,0,0,0,0,0,0,0,0,0,0,0,3
2016-09-06,214,35,6.1,9.48,0,0,0.00,0,0,0.00,0,0,0.00,0.00,0.00,0.00,0.00,0.00,0,0.00,0,0.00,0,0.00,0.00,0,1,0.00,0,0,32,0.00,0,0,0.00,32,,,0,0,0,0,0,0,0,0,0,1,1,0,0,0,4
2016-09-07,482,35,13.8,21.56,0,0,0.00,0,0,0.00,0,0,0.00,0.00,0.00,0.00,0.00,0.00,0,0.00,0,0.00,0,0.00,0.00,0,0,0.00,0,0,27,0.00,0,0,0.00,27,,,2,2,0,0,0,0,1,0,1,1,0,3,3,0,8
2016-09-08,162,28,5.8,9.44,0,0,0.00,0,0,0.00,0,0,0.00,0.00,0.00,0.00,0.00,0.00,0,0.00,0,0.00,0,0.00,0.00,0,0,0.00,0,0,22,0.00,0,0,0.00,22,,,0,0,0,0,0,0,0,0,0,0,0,0,0,0,3
2016-09-09,284,28,10.1,16.03,0,0,0.00,0,0,0.00,0,0,0.00,0.00,0.00,0.00,0.00,0.00,0,0.00,0,0.00,0,0.00,0.00,0,0,0.00,0,0,25,0.00,0,0,0.00,25,,,0,0,0,0,0,0,0,0,2,2,0,3,3,0,5
2016-09-10,194,38,5.1,8.24,0,0,0.00,0,0,0.00,0,0,0.00,0.00,0.00,0.00,0.00,0.00,0,0.00,0,0.00,0,0.00,0.00,0,0,0.00,0,0,29,0.00,0,0,0.00,29,,,0,0,0,0,0,0,0,0,0,0,0,2,2,0,3
2016-09-11,258,13,19.8,31.27,0,0,0.00,0,0,0.00,0,0,0.00,0.00,0.00,0.00,0.00,0.00,0,0.00,0,0.00,0,0.00,0.00,0,0,0.00,0,0,11,0.00,0,0,0.00,11,,,0,0,0,0,0,0,0,0,1,2,1,1,1,0,4
2016-09-12,323,38,8.5,13.13,0,0,0.00,0,0,0.00,0,0,0.00,0.00,0.00,0.00,0.00,0.00,0,0.00,0,0.00,0,0.00,0.00,0,0,0.00,0,0,32,0.00,0,0,0.00,32,,,0,0,0,0,0,0,0,0,1,1,0,1,1,0,5
2016-09-13,165,27,6.1,9.72,0,0,0.00,0,0,0.00,0,0,0.00,0.00,0.00,0.00,0.00,0.00,0,0.00,0,0.00,0,0.00,0.00,0,0,0.00,0,0,24,0.00,0,0,0.00,24,,,0,0,0,0,0,0,0,0,2,2,0,1,1,0,3
2016-09-14,119,27,4.4,6.94,0,0,0.00,0,0,0.00,0,0,0.00,0.00,0.00,0.00,0.00,0.00,0,0.00,0,0.00,0,0.00,0.00,0,0,0.00,0,0,18,0.00,0,0,0.00,18,,,0,0,0,0,0,0,0,0,3,3,0,1,1,0,2
2016-09-15,371,49,7.6,11.86,0,0,0.00,0,0,0.00,0,0,0.00,0.00,0.00,0.00,0.00,0.00,0,0.00,0,0.00,0,0.00,0.00,0,0,0.00,0,1,43,2.33,0,0,0.00,43,,,0,0,0,0,0,0,0,0,0,0,0,0,0,0,6
2016-09-16,188,24,7.8,12.30,0,0,0.00,0,0,0.00,0,0,0.00,0.00,0.00,0.00,0.00,0.00,0,0.00,0,0.00,0,0.00,0.00,0,0,0.00,0,0,23,0.00,0,0,0.00,23,,,0,0,0,0,0,0,0,0,0,0,0,1,1,0,3
2016-09-17,118,27,4.4,6.66,0,0,0.00,0,0,0.00,0,0,0.00,0.00,0.00,0.00,0.00,0.00,0,0.00,0,0.00,0,0.00,0.00,0,0,0.00,0,0,24,0.00,0,0,0.00,24,,,1,1,0,0,0,0,0,0,0,0,0,2,2,0,2
2016-09-18,203,17,11.9,19.14,0,0,0.00,0,0,0.00,0,0,0.00,0.00,0.00,0.00,0.00,0.00,0,0.00,0,0.00,0,0.00,0.00,0,0,0.00,0,0,13,0.00,0,0,0.00,13,,,0,0,0,0,0,0,0,0,1,1,0,1,1,0,3
2016-09-19,345,34,10.2,15.82,0,0,0.00,0,0,0.00,0,0,0.00,0.00,0.00,0.00,0.00,0.00,0,0.00,0,0.00,0,0.00,0.00,0,0,0.00,0,0,28,0.00,0,0,0.00,28,,,0,0,0,0,0,0,0,0,1,1,0,0,0,0,6
2016-09-20,378,30,12.6,18.92,0,0,0.00,0,0,0.00,0,0,0.00,0.00,0.00,0.00,0.00,0.00,0,0.00,0,0.00,0,0.00,0.00,0,0,0.00,0,0,25,0.00,0,0,0.00,25,,,0,0,0,0,0,0,0,0,1,1,0,0,0,0,6
2016-09-21,297,28,10.6,16.78,0,0,0.00,0,0,0.00,0,0,0.00,0.00,0.00,0.00,0.00,0.00,0,0.00,0,0.00,0,0.00,0.00,0,0,0.00,0,0,21,0.00,0,0,0.00,21,,,0,0,0,0,0,0,0,0,0,0,0,0,0,0,5
2016-09-22,496,52,9.5,15.06,0,0,0.00,0,0,0.00,0,0,0.00,0.00,0.00,0.00,0.00,0.00,0,0.00,0,0.00,0,0.00,0.00,0,0,0.00,0,0,47,0.00,0,0,0.00,47,,,0,0,0,0,0,0,0,0,0,0,0,0,0,0,8
2016-09-23,108,22,4.9,7.72,0,0,0.00,0,0,0.00,0,0,0.00,0.00,0.00,0.00,0.00,0.00,0,0.00,0,0.00,0,0.00,0.00,0,0,0.00,0,0,18,0.00,0,0,0.00,18,,,0,0,0,0,0,0,0,0,0,0,0,3,3,0,2
2016-09-24,56,28,2.0,3.16,0,0,0.00,0,0,0.00,0,0,0.00,0.00,0.00,0.00,0.00,0.00,0,0.00,0,0.00,0,0.00,0.00,0,0,0.00,0,0,24,0.00,0,0,0.00,24,,,0,0,0,0,0,0,0,0,-2,0,2,-1,0,1,1
2016-09-25,178,28,6.4,10.00,0,0,0.00,0,0,0.00,0,0,0.00,0.00,0.00,0.00,0.00,0.00,0,0.00,0,0.00,0,0.00,0.00,0,0,0.00,0,0,25,0.00,0,0,0.00,25,,,0,0,0,0,0,0,0,0,0,0,0,-1,0,1,3
2016-09-26,129,14,9.2,13.95,0,0,0.00,0,0,0.00,0,0,0.00,0.00,0.00,0.00,0.00,0.00,0,0.00,0,0.00,0,0.00,0.00,0,0,0.00,0,0,9,0.00,0,0,0.00,9,,,0,0,0,0,0,0,0,0,1,1,0,0,0,0,2
2016-09-27,253,36,7.0,11.01,0,0,0.00,0,0,0.00,0,0,0.00,0.00,0.00,0.00,0.00,0.00,0,0.00,0,0.00,0,0.00,0.00,0,0,0.00,0,0,30,0.00,0,0,0.00,30,,,1,1,0,0,0,0,6,0,0,0,0,2,2,0,4
2016-09-28,352,32,11.0,16.53,0,0,0.00,0,0,0.00,0,0,0.00,0.00,0.00,0.00,0.00,0.00,0,0.00,0,0.00,0,0.00,0.00,46,1,0.00,1,0,21,0.00,0,0,0.00,21,,,0,0,0,0,0,0,0,0,0,0,0,0,0,0,6
2016-09-29,328,36,9.1,14.44,0,0,0.00,0,0,0.00,0,0,0.00,0.00,0.00,0.00,0.00,0.00,0,0.00,0,0.00,0,0.00,0.00,28,1,0.00,0,0,32,0.00,0,0,0.00,32,,,0,0,0,0,0,0,0,0,0,0,0,5,5,0,5
2016-09-30,242,29,8.4,13.50,0,0,0.00,0,0,0.00,0,0,0.00,0.00,0.00,0.00,0.00,0.00,0,0.00,0,0.00,0,0.00,0.00,0,0,0.00,0,0,23,0.00,0,0,0.00,23,,,0,0,0,0,0,0,0,0,0,0,0,0,0,0,4
2016-10-01,256,24,10.7,17.40,0,0,0.00,0,0,0.00,0,0,0.00,0.00,0.00,0.00,0.00,0.00,0,0.00,0,0.00,0,0.00,0.00,0,1,0.00,0,0,17,0.00,0,0,0.00,17,,,0,0,0,0,0,0,0,0,0,0,0,0,0,0,4
2016-10-02,351,26,13.5,20.93,0,0,0.00,0,0,0.00,0,0,0.00,0.00,0.00,0.00,0.00,0.00,0,0.00,0,0.00,0,0.00,0.00,0,0,0.00,0,0,9,0.00,0,0,0.00,9,,,0,0,0,0,0,0,0,0,0,0,0,1,2,1,6
2016-10-03,507,58,8.7,16.00,0,0,0.00,0,0,0.00,0,0,0.00,0.00,0.00,0.00,0.00,0.00,0,0.00,0,0.00,0,0.00,0.00,2,1,0.00,0,0,38,0.00,0,0,0.00,38,0,1,1,1,0,0,0,0,0,0,0,1,1,2,3,1,8
2016-10-04,602,69,8.7,13.83,0,0,0.00,0,0,0.00,0,0,0.00,0.00,0.00,0.00,0.00,0.00,0,0.00,0,0.00,0,0.00,0.00,0,0,0.00,0,0,53,0.00,0,0,0.00,53,0,5,1,1,0,0,0,0,2,0,0,0,0,2,2,0,10
2016-10-05,279,49,5.7,9.54,0,0,0.00,0,0,0.00,0,0,0.00,0.00,0.00,0.00,0.00,0.00,0,0.00,0,0.00,0,0.00,0.00,0,0,0.00,0,0,44,0.00,0,0,0.00,44,0,7,0,0,0,0,0,0,0,0,1,2,1,2,2,0,5
2016-10-06,1420,93,15.3,19.95,0,0,0.00,0,0,0.00,0,0,0.00,0.00,0.00,0.00,0.00,0.00,0,0.00,0,0.00,0,0.00,0.00,0,0,0.00,0,0,74,0.00,2,2,100.00,74,1,2,1,1,0,0,0,0,1,0,8,8,0,4,4,0,24
2016-10-07,305,35,8.7,13.68,0,0,0.00,0,0,0.00,0,0,0.00,0.00,0.00,0.00,0.00,0.00,0,0.00,0,0.00,0,0.00,0.00,0,0,0.00,0,0,26,0.00,0,0,0.00,26,,,0,0,0,0,0,0,1,0,0,1,1,0,0,0,5
2016-10-08,134,19,7.1,10.67,0,0,0.00,0,0,0.00,0,0,0.00,0.00,0.00,0.00,0.00,0.00,0,0.00,0,0.00,0,0.00,0.00,0,0,0.00,0,0,13,0.00,0,0,0.00,13,,,0,0,0,0,0,0,0,0,0,0,0,1,1,0,2
2016-10-09,203,31,6.6,10.01,0,0,0.00,0,0,0.00,0,0,0.00,0.00,0.00,0.00,0.00,0.00,0,0.00,0,0.00,0,0.00,0.00,0,0,0.00,0,0,19,0.00,0,0,0.00,19,,,0,0,0,0,0,0,0,0,2,2,0,4,4,0,3
2016-10-10,2758,166,16.6,11.71,0,0,0.00,0,0,0.00,0,0,0.00,0.00,0.00,0.00,0.00,0.00,0,0.00,0,0.00,0,0.00,0.00,50,4,0.00,1,0,124,0.00,0,0,0.00,124,1,3,4,4,0,0,0,0,2,0,53,53,0,9,9,0,46
2016-10-11,1457,135,10.8,27.33,0,0,0.00,0,0,0.00,0,0,0.00,0.00,0.00,0.00,0.00,0.00,0,0.00,0,0.00,0,0.00,0.00,0,0,0.00,0,0,129,0.00,0,0,0.00,129,0,2,1,1,0,0,0,0,0,0,2,2,0,4,4,0,24
2016-10-12,653,211,3.1,7.47,0,0,0.00,0,0,0.00,0,0,0.00,0.00,0.00,0.00,0.00,0.00,0,0.00,0,0.00,0,0.00,0.00,0,0,0.00,0,0,128,0.00,0,0,0.00,128,5,5,3,3,0,0,0,0,4,0,11,12,1,4,5,1,11
2016-10-13,902,141,6.4,12.55,0,0,0.00,0,0,0.00,0,0,0.00,0.00,0.00,0.00,0.00,0.00,0,0.00,0,0.00,0,0.00,0.00,0,0,0.00,0,0,140,0.00,1,16,6.25,140,1,2,4,4,0,0,0,0,1,0,3,3,0,1,2,1,15
2016-10-14,753,109,6.9,15.45,0,0,0.00,0,0,0.00,0,0,0.00,0.00,0.00,0.00,0.00,0.00,0,0.00,0,0.00,0,0.00,0.00,0,1,0.00,0,0,87,0.00,0,0,0.00,87,,,1,1,0,0,0,0,1,0,1,1,0,2,2,0,13
2016-10-15,144,34,4.2,9.71,0,0,0.00,0,0,0.00,0,0,0.00,0.00,0.00,0.00,0.00,0.00,0,0.00,0,0.00,0,0.00,0.00,0,0,0.00,0,0,26,0.00,0,0,0.00,26,,,2,2,0,0,0,0,0,0,0,0,0,1,1,0,2
2016-10-16,262,33,7.9,16.39,0,0,0.00,0,0,0.00,0,0,0.00,0.00,0.00,0.00,0.00,0.00,0,0.00,0,0.00,0,0.00,0.00,0,0,0.00,0,0,28,0.00,0,0,0.00,28,,,0,0,0,0,0,0,0,0,1,1,0,1,1,0,4
2016-10-17,3517,245,14.4,7.60,0,0,0.00,0,0,0.00,0,0,0.00,0.00,0.00,0.00,0.00,0.00,0,0.00,0,0.00,0,0.00,0.00,0,0,0.00,0,3,229,1.31,0,32,0.00,229,1,1,6,6,0,0,0,0,1,0,7,9,2,7,7,0,59
2016-10-18,1421,139,10.2,12.84,0,0,0.00,0,0,0.00,0,0,0.00,0.00,0.00,0.00,0.00,0.00,0,0.00,0,0.00,0,0.00,0.00,1,1,0.00,0,1,124,0.81,3,11,27.27,124,1,1,0,0,0,0,0,0,0,0,2,2,0,3,3,0,24
2016-10-19,726,117,6.2,12.57,0,0,0.00,0,0,0.00,0,0,0.00,0.00,0.00,0.00,0.00,0.00,0,0.00,0,0.00,0,0.00,0.00,89,3,0.00,1,0,91,0.00,0,0,0.00,91,0,3,0,0,0,0,0,0,1,0,2,2,0,2,2,0,12
2016-10-20,644,67,9.6,12.00,0,0,0.00,0,0,0.00,0,0,0.00,0.00,0.00,0.00,0.00,0.00,0,0.00,0,0.00,0,0.00,0.00,0,0,0.00,0,0,61,0.00,2,4,50.00,61,1,2,0,0,0,0,0,0,0,0,277,277,0,4,4,0,11
2016-10-21,661,145,4.6,8.90,0,0,0.00,0,0,0.00,0,0,0.00,0.00,0.00,0.00,0.00,0.00,0,0.00,0,0.00,0,0.00,0.00,0,0,0.00,0,0,117,0.00,0,0,0.00,117,3,5,0,0,0,0,0,0,1,0,5,5,0,2,2,0,11
2016-10-22,358,79,4.5,9.95,0,0,0.00,0,0,0.00,0,0,0.00,0.00,0.00,0.00,0.00,0.00,0,0.00,0,0.00,0,0.00,0.00,0,0,0.00,0,0,54,0.00,0,0,0.00,54,,,1,1,0,0,0,0,1,1,2,2,0,1,1,0,6
2016-10-23,433,74,5.9,11.66,0,0,0.00,0,0,0.00,0,0,0.00,0.00,0.00,0.00,0.00,0.00,0,0.00,0,0.00,0,0.00,0.00,0,0,0.00,0,0,56,0.00,0,0,0.00,56,,,0,0,0,0,0,0,0,0,1,1,0,1,1,0,7
2016-10-24,1051,282,3.7,8.10,0,0,0.00,0,0,0.00,0,0,0.00,0.00,0.00,0.00,0.00,0.00,0,0.00,0,0.00,0,0.00,0.00,1,2,0.00,0,0,215,0.00,0,13,0.00,215,8,5,3,3,0,0,1,1,8,0,12,12,0,3,4,1,18
2016-10-25,687,130,5.3,8.21,0,0,0.00,0,0,0.00,0,0,0.00,0.00,0.00,0.00,0.00,0.00,0,0.00,0,0.00,0,0.00,0.00,2,1,0.00,0,0,107,0.00,0,0,0.00,107,1,0,0,0,0,0,0,0,0,0,4,4,0,4,4,0,11
2016-10-26,941,155,6.1,8.14,0,0,0.00,0,0,0.00,0,0,0.00,0.00,0.00,0.00,0.00,0.00,0,0.00,0,0.00,0,0.00,0.00,0,0,0.00,0,0,130,0.00,0,0,0.00,130,1,2,2,2,0,0,0,0,1,0,7,7,0,2,2,0,16
2016-10-27,1190,180,6.6,9.27,0,0,0.00,0,0,0.00,0,0,0.00,0.00,0.00,0.00,0.00,0.00,0,0.00,0,0.00,0,0.00,0.00,3,2,0.00,0,0,142,0.00,0,0,0.00,142,1,2,1,1,0,0,0,0,0,0,2,2,0,5,5,0,20
2016-10-28,1189,145,8.2,14.16,0,0,0.00,0,0,0.00,0,0,0.00,0.00,0.00,0.00,0.00,0.00,0,0.00,0,0.00,0,0.00,0.00,1,1,0.00,0,0,120,0.00,0,0,0.00,120,0,4,0,0,0,0,0,0,0,0,2,2,0,0,0,0,20
2016-10-29,276,55,5.0,8.79,0,0,0.00,0,0,0.00,0,0,0.00,0.00,0.00,0.00,0.00,0.00,0,0.00,0,0.00,0,0.00,0.00,0,0,0.00,0,0,48,0.00,0,0,0.00,48,,,1,1,0,0,0,0,0,0,1,1,0,0,1,1,5
2016-10-30,325,75,4.3,9.42,0,0,0.00,0,0,0.00,0,0,0.00,0.00,0.00,0.00,0.00,0.00,0,0.00,0,0.00,0,0.00,0.00,0,0,0.00,0,0,62,0.00,0,0,0.00,62,,,1,1,0,0,0,0,0,0,2,2,0,4,4,0,5
2016-10-31,2049,203,10.1,10.79,0,0,0.00,0,0,0.00,0,0,0.00,0.00,0.00,0.00,0.00,0.00,0,0.00,0,0.00,0,0.00,0.00,0,0,0.00,0,1,184,0.54,6,23,26.09,184,1,4,1,1,0,0,0,0,1,0,2,4,2,2,3,1,34
2016-11-01,464,109,4.3,6.64,0,0,0.00,0,0,0.00,0,0,0.00,0.00,0.00,0.00,0.00,0.00,0,0.00,0,0.00,0,0.00,0.00,0,0,0.00,0,0,89,0.00,0,0,0.00,89,0,1,0,0,0,0,0,0,0,0,1,1,0,-1,0,1,8
2016-11-02,5912,242,24.4,15.88,0,0,0.00,0,0,0.00,0,0,0.00,0.00,0.00,0.00,0.00,0.00,0,0.00,0,0.00,0,0.00,0.00,0,0,0.00,0,0,179,0.00,4,19,21.05,179,1,1,4,4,0,0,0,0,2,0,5,6,1,10,10,0,99
2016-11-03,1388,172,8.1,10.75,0,0,0.00,0,0,0.00,0,0,0.00,0.00,0.00,0.00,0.00,0.00,0,0.00,0,0.00,0,0.00,0.00,0,0,0.00,0,1,150,0.67,4,16,25.00,150,1,3,2,2,0,0,0,0,1,0,4,4,0,5,6,1,23
2016-11-04,746,115,6.5,9.82,0,0,0.00,0,0,0.00,0,0,0.00,0.00,0.00,0.00,0.00,0.00,0,0.00,0,0.00,0,0.00,0.00,0,0,0.00,0,0,86,0.00,0,0,0.00,86,2,2,0,0,0,0,0,0,1,0,9,9,0,7,7,0,12
2016-11-05,2679,313,8.6,14.28,0,0,0.00,0,0,0.00,0,0,0.00,0.00,0.00,0.00,0.00,0.00,0,0.00,0,0.00,0,0.00,0.00,34,3,0.00,1,0,212,0.00,0,0,0.00,212,,,3,3,0,0,0,0,1,2,5,5,0,8,8,0,45
2016-11-06,971,130,7.5,11.97,0,0,0.00,0,0,0.00,0,0,0.00,0.00,0.00,0.00,0.00,0.00,0,0.00,0,0.00,0,0.00,0.00,1,1,0.00,0,0,89,0.00,0,0,0.00,89,,,1,1,0,0,0,0,1,0,-1,0,1,1,1,0,16
2016-11-07,2258,263,8.6,9.25,0,0,0.00,0,0,0.00,0,0,0.00,0.00,0.00,0.00,0.00,0.00,0,0.00,0,0.00,0,0.00,0.00,0,0,0.00,0,0,232,0.00,3,30,10.00,232,1,2,2,2,0,0,0,0,0,0,1,1,0,4,4,0,38
2016-11-08,1230,142,8.7,12.29,0,0,0.00,0,0,0.00,0,0,0.00,0.00,0.00,0.00,0.00,0.00,0,0.00,0,0.00,0,0.00,0.00,0,2,0.00,0,0,118,0.00,1,10,10.00,118,1,2,1,1,0,0,0,0,1,0,4,5,1,3,3,0,20
2016-11-09,1040,138,7.5,11.12,0,0,0.00,0,0,0.00,0,0,0.00,0.00,0.00,0.00,0.00,0.00,0,0.00,0,0.00,0,0.00,0.00,0,0,0.00,0,0,114,0.00,0,0,0.00,114,1,0,0,0,0,0,0,0,1,0,15,15,0,4,4,0,17
2016-11-10,1754,201,8.7,12.18,0,0,0.00,0,0,0.00,0,0,0.00,0.00,0.00,0.00,0.00,0.00,0,0.00,0,0.00,0,0.00,0.00,0,0,0.00,0,0,155,0.00,1,7,14.29,155,1,4,1,1,0,0,0,0,0,0,0,2,2,2,2,0,29
2016-11-11,586,222,2.6,4.37,0,0,0.00,0,0,0.00,0,0,0.00,0.00,0.00,0.00,0.00,0.00,0,0.00,0,0.00,0,0.00,0.00,0,0,0.00,0,0,97,0.00,0,0,0.00,97,11,9,5,5,0,1,1,0,31,1,15,18,3,4,4,0,10
2016-11-12,628,97,6.5,10.00,0,0,0.00,0,0,0.00,0,0,0.00,0.00,0.00,0.00,0.00,0.00,0,0.00,0,0.00,0,0.00,0.00,0,0,0.00,0,0,84,0.00,0,0,0.00,84,,,1,1,0,0,0,0,1,0,3,3,0,1,1,0,10
2016-11-13,510,74,6.9,10.67,0,0,0.00,0,0,0.00,0,0,0.00,0.00,0.00,0.00,0.00,0.00,0,0.00,0,0.00,0,0.00,0.00,0,0,0.00,0,0,40,0.00,0,0,0.00,40,,,2,2,0,0,0,0,0,0,3,3,0,2,2,0,9
2016-11-14,2691,397,6.8,9.30,0,0,0.00,0,0,0.00,0,0,0.00,0.00,0.00,0.00,0.00,0.00,0,0.00,0,0.00,0,0.00,0.00,0,0,0.00,0,2,365,0.55,17,63,26.98,365,2,4,2,2,0,0,0,0,2,2,4,5,1,8,9,1,45
2016-11-15,2232,324,6.9,14.19,0,0,0.00,0,0,0.00,0,0,0.00,0.00,0.00,0.00,0.00,0.00,0,0.00,0,0.00,0,0.00,0.00,0,0,0.00,0,2,235,0.85,3,10,30.00,235,1,1,4,4,0,0,0,0,3,0,6,7,1,8,8,0,37
2016-11-16,1288,202,6.4,13.79,0,0,0.00,0,0,0.00,0,0,0.00,0.00,0.00,0.00,0.00,0.00,0,0.00,0,0.00,0,0.00,0.00,0,0,0.00,0,0,135,0.00,0,0,0.00,135,0,3,1,1,0,0,0,0,1,0,1,2,1,4,4,0,21
2016-11-17,1362,206,6.6,7.30,0,0,0.00,0,0,0.00,0,0,0.00,0.00,0.00,0.00,0.00,0.00,0,0.00,0,0.00,0,0.00,0.00,0,0,0.00,0,2,149,1.34,6,23,26.09,149,1,1,1,1,0,0,0,0,3,0,5,6,1,4,4,0,23
2016-11-18,810,165,4.9,9.19,0,0,0.00,0,0,0.00,0,0,0.00,0.00,0.00,0.00,0.00,0.00,0,0.00,0,0.00,0,0.00,0.00,17,1,0.00,0,0,117,0.00,0,0,0.00,117,0,1,1,1,0,0,0,0,1,0,8,8,0,2,2,0,14
2016-11-19,441,80,5.5,8.74,0,0,0.00,0,0,0.00,0,0,0.00,0.00,0.00,0.00,0.00,0.00,0,0.00,0,0.00,0,0.00,0.00,12,1,0.00,0,0,62,0.00,0,0,0.00,62,,,1,1,0,0,0,0,0,2,1,1,0,3,3,0,7
2016-11-20,461,57,8.1,16.61,0,0,0.00,0,0,0.00,0,0,0.00,0.00,0.00,0.00,0.00,0.00,0,0.00,0,0.00,0,0.00,0.00,0,0,0.00,0,0,44,0.00,0,0,0.00,44,,,0,0,0,0,0,0,0,0,1,3,2,2,2,0,8
2016-11-21,3329,357,9.3,10.26,0,0,0.00,0,0,0.00,0,0,0.00,0.00,0.00,0.00,0.00,0.00,0,0.00,0,0.00,0,0.00,0.00,0,0,0.00,0,1,341,0.29,10,45,22.22,341,1,2,2,2,0,0,0,0,4,0,7,7,0,17,17,0,55
2016-11-22,8632,443,19.5,19.47,0,0,0.00,0,0,0.00,0,0,0.00,0.00,0.00,0.00,0.00,0.00,0,0.00,0,0.00,0,0.00,0.00,0,0,0.00,0,2,354,0.56,6,45,13.33,354,1,2,7,7,0,0,0,0,7,1,8,8,0,14,15,1,144
2016-11-23,945,153,6.2,13.38,0,0,0.00,0,0,0.00,0,0,0.00,0.00,0.00,0.00,0.00,0.00,0,0.00,0,0.00,0,0.00,0.00,0,0,0.00,0,0,108,0.00,0,0,0.00,108,,,2,2,0,0,0,0,6,0,3,4,1,7,7,0,16
2016-11-24,1910,295,6.5,16.44,0,0,0.00,0,0,0.00,0,0,0.00,0.00,0.00,0.00,0.00,0.00,0,0.00,0,0.00,0,0.00,0.00,0,0,0.00,0,0,248,0.00,5,15,33.33,248,1,1,1,2,1,0,0,0,7,0,4,4,0,5,6,1,32
2016-11-25,1297,222,5.8,16.47,0,0,0.00,0,0,0.00,0,0,0.00,0.00,0.00,0.00,0.00,0.00,0,0.00,0,0.00,0,0.00,0.00,0,0,0.00,0,0,184,0.00,0,0,0.00,184,,,0,0,0,0,0,0,1,0,1,2,1,3,3,0,22
2016-11-26,579,103,5.6,11.40,0,0,0.00,0,0,0.00,0,0,0.00,0.00,0.00,0.00,0.00,0.00,0,0.00,0,0.00,0,0.00,0.00,0,0,0.00,0,0,63,0.00,0,0,0.00,63,,,0,0,0,0,0,0,0,0,2,2,0,1,1,0,10
2016-11-27,798,149,5.4,13.07,0,0,0.00,0,0,0.00,0,0,0.00,0.00,0.00,0.00,0.00,0.00,0,0.00,0,0.00,0,0.00,0.00,8,1,0.00,0,0,112,0.00,0,0,0.00,112,,,0,0,0,1,1,0,0,0,0,0,0,3,3,0,13
2016-11-28,1318,230,5.7,13.25,0,0,0.00,0,0,0.00,0,0,0.00,0.00,0.00,0.00,0.00,0.00,0,0.00,0,0.00,0,0.00,0.00,0,0,0.00,0,1,216,0.46,4,26,15.38,216,1,2,5,5,0,0,0,0,1,0,2,2,0,2,2,0,22
2016-11-29,1201,200,6.0,12.11,0,0,0.00,0,0,0.00,0,0,0.00,0.00,0.00,0.00,0.00,0.00,0,0.00,0,0.00,0,0.00,0.00,1,1,0.00,0,0,161,0.00,2,11,18.18,161,1,1,0,0,0,0,0,0,0,0,8,9,1,6,7,1,20
2016-11-30,898,163,5.5,10.63,0,0,0.00,0,0,0.00,0,0,0.00,0.00,0.00,0.00,0.00,0.00,0,0.00,0,0.00,0,0.00,0.00,1,1,0.00,0,1,132,0.76,0,0,0.00,132,0,5,1,1,0,0,0,0,2,0,1,1,0,3,3,0,15
2016-12-01,2262,246,9.2,13.21,0,0,0.00,0,0,0.00,0,0,0.00,0.00,0.00,0.00,0.00,0.00,0,0.00,0,0.00,0,0.00,0.00,0,0,0.00,0,1,204,0.49,7,35,20.00,204,3,5,2,2,0,0,0,0,9,0,6,6,0,2,4,2,38
2016-12-02,1613,441,3.7,15.63,0,0,0.00,0,0,0.00,0,0,0.00,0.00,0.00,0.00,0.00,0.00,0,0.00,0,0.00,0,0.00,0.00,0,0,0.00,0,0,131,0.00,0,0,0.00,131,13,8,7,7,0,0,0,0,4,0,26,29,3,4,5,1,27
2016-12-03,1344,171,7.9,25.92,0,0,0.00,0,0,0.00,0,0,0.00,0.00,0.00,0.00,0.00,0.00,0,0.00,0,0.00,0,0.00,0.00,90,3,0.00,1,0,0,0.00,0,0,0.00,0,,,7,7,0,0,0,0,6,1,1,2,1,5,5,0,22
2016-12-04,664,129,5.1,15.04,0,0,0.00,0,0,0.00,0,0,0.00,0.00,0.00,0.00,0.00,0.00,0,0.00,0,0.00,0,0.00,0.00,37,1,0.00,1,0,0,0.00,0,0,0.00,0,,,0,0,0,0,0,0,4,0,2,2,0,0,0,0,11
2016-12-05,6043,367,16.5,16.64,0,0,0.00,0,0,0.00,0,0,0.00,0.00,0.00,0.00,0.00,0.00,0,0.00,0,0.00,0,0.00,0.00,0,0,0.00,0,0,28,0.00,6,28,21.43,28,1,1,4,4,0,0,0,0,2,1,2,5,3,11,11,0,101
2016-12-06,1713,248,6.9,17.89,0,0,0.00,0,0,0.00,0,0,0.00,0.00,0.00,0.00,0.00,0.00,0,0.00,0,0.00,0,0.00,0.00,0,1,0.00,0,1,12,8.33,1,12,8.33,12,1,1,4,4,0,0,0,0,2,0,5,5,0,5,5,0,29
2016-12-07,1294,271,4.8,11.68,0,0,0.00,0,0,0.00,0,0,0.00,0.00,0.00,0.00,0.00,0.00,0,0.00,0,0.00,0,0.00,0.00,0,0,0.00,0,0,0,0.00,0,0,0.00,0,2,4,2,2,0,0,0,0,2,0,9,9,0,2,2,0,22
2016-12-08,1679,270,6.2,12.40,0,0,0.00,0,0,0.00,0,0,0.00,0.00,0.00,0.00,0.00,0.00,0,0.00,0,0.00,0,0.00,0.00,0,0,0.00,0,0,19,0.00,5,19,26.32,19,1,6,5,5,0,0,0,0,1,0,2,2,0,9,9,0,28
2016-12-09,1515,211,7.2,13.61,0,0,0.00,0,0,0.00,0,0,0.00,0.00,0.00,0.00,0.00,0.00,0,0.00,0,0.00,0,0.00,0.00,2,3,0.00,0,0,0,0.00,0,0,0.00,0,,,2,2,0,0,0,0,0,0,2,3,1,3,3,0,25
2016-12-10,745,86,8.7,17.76,0,0,0.00,0,0,0.00,0,0,0.00,0.00,0.00,0.00,0.00,0.00,0,0.00,0,0.00,0,0.00,0.00,0,0,0.00,0,0,0,0.00,0,0,0.00,0,,,1,1,0,0,0,0,0,0,1,1,0,1,1,0,12
2016-12-11,744,131,5.7,11.11,0,0,0.00,0,0,0.00,0,0,0.00,0.00,0.00,0.00,0.00,0.00,0,0.00,0,0.00,0,0.00,0.00,0,0,0.00,0,0,0,0.00,0,0,0.00,0,,,0,1,1,0,0,0,1,0,2,4,2,2,2,0,12
2016-12-12,1975,219,9.0,10.46,0,0,0.00,0,0,0.00,0,0,0.00,0.00,0.00,0.00,0.00,0.00,0,0.00,0,0.00,0,0.00,0.00,0,0,0.00,0,0,44,0.00,12,44,27.27,44,1,2,3,3,0,0,0,0,2,0,2,2,0,4,6,2,33
2016-12-13,1330,190,7.0,12.85,0,0,0.00,0,0,0.00,0,0,0.00,0.00,0.00,0.00,0.00,0.00,0,0.00,0,0.00,0,0.00,0.00,0,2,0.00,0,0,4,0.00,2,4,50.00,4,8,3,6,6,0,0,0,0,5,2,20,20,0,2,3,1,22
2016-12-14,821,180,4.6,8.64,0,0,0.00,0,0,0.00,0,0,0.00,0.00,0.00,0.00,0.00,0.00,0,0.00,0,0.00,0,0.00,0.00,0,0,0.00,0,0,0,0.00,0,0,0.00,0,2,1,1,2,1,0,0,0,2,1,7,7,0,0,1,1,14
2016-12-15,1220,162,7.5,14.60,0,0,0.00,0,0,0.00,0,0,0.00,0.00,0.00,0.00,0.00,0.00,0,0.00,0,0.00,0,0.00,0.00,0,0,0.00,0,0,0,0.00,0,0,0.00,0,3,6,0,0,0,0,0,0,0,2,4,5,1,0,0,0,20
2016-12-16,601,116,5.2,10.26,0,0,0.00,0,0,0.00,0,0,0.00,0.00,0.00,0.00,0.00,0.00,0,0.00,0,0.00,0,0.00,0.00,0,0,0.00,0,0,0,0.00,0,0,0.00,0,0,4,1,1,0,0,0,0,0,1,3,3,0,3,3,0,10
2016-12-17,3135,1368,2.3,6.91,0,0,0.00,0,0,0.00,0,0,0.00,0.00,0.00,0.00,0.00,0.00,0,0.00,0,0.00,0,0.00,0.00,53,44,0.00,1,0,0,0.00,0,0,0.00,0,,,0,1,1,46,48,2,3,15,2,4,2,5,5,0,52
2016-12-18,1016,222,4.6,11.62,0,0,0.00,0,0,0.00,0,0,0.00,0.00,0.00,0.00,0.00,0.00,0,0.00,0,0.00,0,0.00,0.00,8,6,0.00,0,0,0,0.00,0,0,0.00,0,,,0,0,0,6,6,0,0,1,4,4,0,2,2,0,17
2016-12-19,1122,197,5.7,11.55,0,0,0.00,0,0,0.00,0,0,0.00,0.00,0.00,0.00,0.00,0.00,0,0.00,0,0.00,0,0.00,0.00,0,0,0.00,0,0,0,0.00,0,0,0.00,0,,,2,2,0,0,0,0,3,0,4,4,0,2,2,0,19
2016-12-20,916,193,4.7,8.56,0,0,0.00,0,0,0.00,0,0,0.00,0.00,0.00,0.00,0.00,0.00,0,0.00,0,0.00,0,0.00,0.00,15,2,0.00,0,0,0,0.00,0,0,0.00,0,8,0,0,0,0,0,0,0,1,1,14,14,0,1,2,1,15
2016-12-21,1225,248,4.9,12.30,0,0,0.00,0,0,0.00,0,0,0.00,0.00,0.00,0.00,0.00,0.00,0,0.00,0,0.00,0,0.00,0.00,0,0,0.00,0,0,0,0.00,0,0,0.00,0,,,2,2,0,0,0,0,3,6,1,1,0,2,2,0,20
2016-12-22,1066,170,6.3,14.74,0,0,0.00,0,0,0.00,0,0,0.00,0.00,0.00,0.00,0.00,0.00,0,0.00,0,0.00,0,0.00,0.00,0,0,0.00,0,0,0,0.00,0,0,0.00,0,0,6,3,3,0,2,3,1,16,0,5,5,0,1,1,0,18
2016-12-23,786,108,7.3,18.00,0,0,0.00,0,0,0.00,0,0,0.00,0.00,0.00,0.00,0.00,0.00,0,0.00,0,0.00,0,0.00,0.00,0,0,0.00,0,0,0,0.00,0,0,0.00,0,,,3,3,0,1,1,0,1,0,0,0,0,5,5,0,13
2016-12-24,331,89,3.7,8.83,0,0,0.00,0,0,0.00,0,0,0.00,0.00,0.00,0.00,0.00,0.00,0,0.00,0,0.00,0,0.00,0.00,0,0,0.00,0,0,0,0.00,0,0,0.00,0,,,1,1,0,0,0,0,0,0,2,2,0,0,0,0,6
2016-12-25,276,47,5.9,9.33,0,0,0.00,0,0,0.00,0,0,0.00,0.00,0.00,0.00,0.00,0.00,0,0.00,0,0.00,0,0.00,0.00,0,0,0.00,0,0,0,0.00,0,0,0.00,0,,,0,0,0,0,0,0,0,0,2,2,0,0,0,0,5
2016-12-26,202,40,5.0,8.43,0,0,0.00,0,0,0.00,0,0,0.00,0.00,0.00,0.00,0.00,0.00,0,0.00,0,0.00,0,0.00,0.00,2,1,0.00,0,0,0,0.00,0,0,0.00,0,,,0,0,0,0,0,0,0,0,0,0,0,2,3,1,3
2016-12-27,537,82,6.5,11.99,0,0,0.00,0,0,0.00,0,0,0.00,0.00,0.00,0.00,0.00,0.00,0,0.00,0,0.00,0,0.00,0.00,0,0,0.00,0,0,0,0.00,0,0,0.00,0,,,0,0,0,0,0,0,0,0,1,1,0,3,3,0,9
2016-12-28,534,61,8.8,18.21,0,0,0.00,0,0,0.00,0,0,0.00,0.00,0.00,0.00,0.00,0.00,0,0.00,0,0.00,0,0.00,0.00,0,0,0.00,0,0,0,0.00,0,0,0.00,0,,,0,0,0,0,0,0,0,0,1,1,0,3,3,0,9
2016-12-29,374,59,6.3,13.11,0,0,0.00,0,0,0.00,0,0,0.00,0.00,0.00,0.00,0.00,0.00,0,0.00,0,0.00,0,0.00,0.00,0,1,0.00,0,0,0,0.00,0,0,0.00,0,,,1,1,0,0,0,0,2,0,0,0,0,2,2,0,6
2016-12-30,523,73,7.2,16.50,0,0,0.00,0,0,0.00,0,0,0.00,0.00,0.00,0.00,0.00,0.00,0,0.00,0,0.00,0,0.00,0.00,0,0,0.00,0,0,0,0.00,0,0,0.00,0,,,0,0,0,0,0,0,0,0,3,3,0,0,0,0,9
2016-12-31,290,45,6.4,16.33,0,0,0.00,0,0,0.00,0,0,0.00,0.00,0.00,0.00,0.00,0.00,0,0.00,0,0.00,0,0.00,0.00,0,0,0.00,0,0,0,0.00,0,0,0.00,0,,,0,0,0,0,0,0,0,0,0,0,0,0,0,0,5
2017-01-01,251,49,5.1,14.44,0,0,0.00,0,0,0.00,0,0,0.00,0.00,0.00,0.00,0.00,0.00,0,0.00,0,0.00,0,0.00,0.00,0,0,0.00,0,0,0,0.00,0,0,0.00,0,,,2,2,0,0,0,0,0,0,2,3,1,1,1,0,4
2017-01-02,453,85,5.3,15.48,0,0,0.00,0,0,0.00,0,0,0.00,0.00,0.00,0.00,0.00,0.00,0,0.00,0,0.00,0,0.00,0.00,1,1,0.00,0,0,0,0.00,0,0,0.00,0,,,0,0,0,0,0,0,1,0,0,1,1,3,3,0,8
2017-01-03,748,145,5.2,14.38,0,0,0.00,0,0,0.00,0,0,0.00,0.00,0.00,0.00,0.00,0.00,0,0.00,0,0.00,0,0.00,0.00,2,3,0.00,0,0,0,0.00,0,0,0.00,0,,,1,1,0,0,0,0,1,0,2,2,0,4,4,0,12
2017-01-04,1059,134,7.9,17.16,0,0,0.00,0,0,0.00,0,0,0.00,0.00,0.00,0.00,0.00,0.00,0,0.00,0,0.00,0,0.00,0.00,0,0,0.00,0,0,0,0.00,0,0,0.00,0,1,1,0,0,0,0,0,0,0,0,3,3,0,2,3,1,18
2017-01-05,671,107,6.3,13.08,0,0,0.00,0,0,0.00,0,0,0.00,0.00,0.00,0.00,0.00,0.00,0,0.00,0,0.00,0,0.00,0.00,10,1,0.00,0,0,0,0.00,0,0,0.00,0,0,1,0,0,0,0,0,0,2,0,3,3,0,3,3,0,11
2017-01-06,736,137,5.4,11.42,0,0,0.00,0,0,0.00,0,0,0.00,0.00,0.00,0.00,0.00,0.00,0,0.00,0,0.00,0,0.00,0.00,6,3,0.00,0,0,0,0.00,0,0,0.00,0,1,0,1,1,0,0,0,0,1,0,1,1,0,6,6,0,12
2017-01-07,676,84,8.0,17.29,0,0,0.00,0,0,0.00,0,0,0.00,0.00,0.00,0.00,0.00,0.00,0,0.00,0,0.00,0,0.00,0.00,7,1,0.00,0,0,0,0.00,0,0,0.00,0,,,0,0,0,0,0,0,1,1,1,1,0,3,3,0,11
2017-01-08,841,96,8.8,18.46,0,0,0.00,0,0,0.00,0,0,0.00,0.00,0.00,0.00,0.00,0.00,0,0.00,0,0.00,0,0.00,0.00,0,0,0.00,0,0,0,0.00,0,0,0.00,0,,,0,0,0,0,0,0,0,0,0,0,0,1,1,0,14
2017-01-09,644,123,5.2,10.92,0,0,0.00,0,0,0.00,0,0,0.00,0.00,0.00,0.00,0.00,0.00,0,0.00,0,0.00,0,0.00,0.00,32,2,0.00,1,0,1,0.00,0,0,0.00,1,,,0,0,0,0,0,0,1,0,1,2,1,4,4,0,11
2017-01-10,783,107,7.3,16.65,0,0,0.00,0,0,0.00,0,0,0.00,0.00,0.00,0.00,0.00,0.00,0,0.00,0,0.00,0,0.00,0.00,0,0,0.00,0,0,0,0.00,0,0,0.00,0,,,0,0,0,0,0,0,0,0,2,2,0,1,1,0,13
2017-01-11,964,126,7.7,15.54,0,0,0.00,0,0,0.00,0,0,0.00,0.00,0.00,0.00,0.00,0.00,0,0.00,0,0.00,0,0.00,0.00,0,0,0.00,0,0,0,0.00,0,0,0.00,0,,,0,0,0,0,0,0,1,0,2,3,1,3,3,0,16
2017-01-12,1095,115,9.5,17.33,0,0,0.00,0,0,0.00,0,0,0.00,0.00,0.00,0.00,0.00,0.00,0,0.00,0,0.00,0,0.00,0.00,0,0,0.00,0,0,0,0.00,0,0,0.00,0,,,3,3,0,1,1,0,0,0,-4,1,5,4,5,1,18
2017-01-13,905,119,7.6,14.78,0,0,0.00,0,0,0.00,0,0,0.00,0.00,0.00,0.00,0.00,0.00,0,0.00,0,0.00,0,0.00,0.00,3,1,0.00,0,0,0,0.00,0,0,0.00,0,,,1,1,0,0,0,0,3,0,0,0,0,2,2,0,15
2017-01-14,582,105,5.5,12.30,0,0,0.00,0,0,0.00,0,0,0.00,0.00,0.00,0.00,0.00,0.00,0,0.00,0,0.00,0,0.00,0.00,0,1,0.00,0,0,0,0.00,0,0,0.00,0,,,0,0,0,0,0,0,0,0,3,3,0,2,2,0,10
2017-01-15,591,66,9.0,17.97,0,0,0.00,0,0,0.00,0,0,0.00,0.00,0.00,0.00,0.00,0.00,0,0.00,0,0.00,0,0.00,0.00,4,3,0.00,0,0,0,0.00,0,0,0.00,0,,,2,2,0,0,0,0,1,0,0,1,1,0,0,0,10
2017-01-16,739,134,5.5,11.38,0,0,0.00,0,0,0.00,0,0,0.00,0.00,0.00,0.00,0.00,0.00,0,0.00,0,0.00,0,0.00,0.00,35,4,0.00,1,0,0,0.00,0,0,0.00,0,,,1,1,0,0,0,0,0,0,1,1,0,1,1,0,12
2017-01-17,501,112,4.5,6.98,0,0,0.00,0,0,0.00,0,0,0.00,0.00,0.00,0.00,0.00,0.00,0,0.00,0,0.00,0,0.00,0.00,0,0,0.00,0,0,0,0.00,0,0,0.00,0,,,0,0,0,0,0,0,1,0,5,5,0,8,8,0,8
2017-01-18,566,108,5.2,10.16,0,0,0.00,0,0,0.00,0,0,0.00,0.00,0.00,0.00,0.00,0.00,0,0.00,0,0.00,0,0.00,0.00,0,0,0.00,0,0,0,0.00,0,0,0.00,0,,,0,0,0,0,0,0,0,0,1,1,0,0,0,0,9
2017-01-19,5324,299,17.8,15.09,0,0,0.00,0,0,0.00,0,0,0.00,0.00,0.00,0.00,0.00,0.00,0,0.00,0,0.00,0,0.00,0.00,1,1,0.00,0,0,20,0.00,6,20,30.00,20,1,1,2,2,0,0,0,0,8,0,2,2,0,10,11,1,89
2017-01-20,335,88,3.8,6.94,0,0,0.00,0,0,0.00,0,0,0.00,0.00,0.00,0.00,0.00,0.00,0,0.00,0,0.00,0,0.00,0.00,0,0,0.00,0,0,0,0.00,0,0,0.00,0,,,1,1,0,0,0,0,0,0,1,1,0,2,2,0,6
2017-01-21,404,78,5.2,9.00,0,0,0.00,0,0,0.00,0,0,0.00,0.00,0.00,0.00,0.00,0.00,0,0.00,0,0.00,0,0.00,0.00,0,0,0.00,0,0,0,0.00,0,0,0.00,0,,,0,0,0,0,0,0,0,0,1,1,0,1,1,0,7
2017-01-22,611,92,6.6,12.82,0,0,0.00,0,0,0.00,0,0,0.00,0.00,0.00,0.00,0.00,0.00,0,0.00,0,0.00,0,0.00,0.00,3,1,0.00,0,0,0,0.00,0,0,0.00,0,,,0,0,0,0,0,0,1,0,1,1,0,1,1,0,10
2017-01-23,731,125,5.8,12.73,0,0,0.00,0,0,0.00,0,0,0.00,0.00,0.00,0.00,0.00,0.00,0,0.00,0,0.00,0,0.00,0.00,0,0,0.00,0,0,0,0.00,0,0,0.00,0,,,2,2,0,0,0,0,0,0,2,2,0,3,3,0,12
2017-01-24,1658,243,6.8,11.89,0,0,0.00,0,0,0.00,0,0,0.00,0.00,0.00,0.00,0.00,0.00,0,0.00,0,0.00,0,0.00,0.00,5,1,0.00,0,0,0,0.00,0,0,0.00,0,1,2,2,2,0,0,0,0,1,0,4,4,0,2,2,0,28
2017-01-25,838,146,5.7,12.04,0,0,0.00,0,0,0.00,0,0,0.00,0.00,0.00,0.00,0.00,0.00,0,0.00,0,0.00,0,0.00,0.00,0,0,0.00,0,0,0,0.00,0,0,0.00,0,1,1,1,1,0,0,0,0,0,1,6,6,0,3,4,1,14
2017-01-26,1090,175,6.2,11.58,0,0,0.00,0,0,0.00,0,0,0.00,0.00,0.00,0.00,0.00,0.00,0,0.00,0,0.00,0,0.00,0.00,0,0,0.00,0,0,18,0.00,2,18,11.11,18,1,1,1,1,0,0,0,0,0,0,0,0,0,4,4,0,18
2017-01-27,733,116,6.3,11.65,0,0,0.00,0,0,0.00,0,0,0.00,0.00,0.00,0.00,0.00,0.00,0,0.00,0,0.00,0,0.00,0.00,0,0,0.00,0,0,0,0.00,0,0,0.00,0,,,0,0,0,0,0,0,3,0,3,3,0,0,0,0,12
2017-01-28,544,96,5.7,8.78,0,0,0.00,0,0,0.00,0,0,0.00,0.00,0.00,0.00,0.00,0.00,0,0.00,0,0.00,0,0.00,0.00,0,1,0.00,0,0,0,0.00,0,0,0.00,0,,,0,0,0,0,0,0,1,0,6,6,0,5,5,0,9
2017-01-29,594,87,6.8,11.88,0,0,0.00,0,0,0.00,0,0,0.00,0.00,0.00,0.00,0.00,0.00,0,0.00,0,0.00,0,0.00,0.00,3,1,0.00,0,0,0,0.00,0,0,0.00,0,,,1,1,0,0,0,0,1,0,0,1,1,3,3,0,10
2017-01-30,920,109,8.4,12.64,0,0,0.00,0,0,0.00,0,0,0.00,0.00,0.00,0.00,0.00,0.00,0,0.00,0,0.00,0,0.00,0.00,0,0,0.00,0,0,0,0.00,0,0,0.00,0,1,2,0,0,0,0,0,0,1,0,0,0,0,9,9,0,15
2017-01-31,793,141,5.6,10.00,0,0,0.00,0,0,0.00,0,0,0.00,0.00,0.00,0.00,0.00,0.00,0,0.00,0,0.00,0,0.00,0.00,0,0,0.00,0,0,0,0.00,0,0,0.00,0,1,1,0,0,0,0,0,0,1,0,2,2,0,1,2,1,13
2017-02-01,799,155,5.2,9.89,0,0,0.00,0,0,0.00,0,0,0.00,0.00,0.00,0.00,0.00,0.00,0,0.00,0,0.00,0,0.00,0.00,2,2,0.00,0,0,0,0.00,0,0,0.00,0,1,3,0,0,0,0,0,0,1,0,10,11,1,4,4,0,13
2017-02-02,1129,125,9.0,14.94,0,0,0.00,0,0,0.00,0,0,0.00,0.00,0.00,0.00,0.00,0.00,0,0.00,0,0.00,0,0.00,0.00,10,2,0.00,0,0,0,0.00,0,0,0.00,0,,,1,1,0,0,0,0,0,0,11,11,0,4,4,0,19
2017-02-03,1049,130,8.1,14.51,0,0,0.00,0,0,0.00,0,0,0.00,0.00,0.00,0.00,0.00,0.00,0,0.00,0,0.00,0,0.00,0.00,19,1,0.00,0,0,0,0.00,0,0,0.00,0,,,0,0,0,0,0,0,0,0,3,3,0,2,2,0,17
2017-02-04,1007,97,10.4,15.52,0,0,0.00,0,0,0.00,0,0,0.00,0.00,0.00,0.00,0.00,0.00,0,0.00,0,0.00,0,0.00,0.00,0,0,0.00,0,0,0,0.00,0,0,0.00,0,,,0,0,0,0,0,0,0,0,2,2,0,0,0,0,17
2017-02-05,1226,143,8.6,14.90,0,0,0.00,0,0,0.00,0,0,0.00,0.00,0.00,0.00,0.00,0.00,0,0.00,0,0.00,0,0.00,0.00,1,2,0.00,0,0,0,0.00,0,0,0.00,0,,,0,0,0,0,0,0,0,0,10,10,0,3,3,0,20
2017-02-06,1123,200,5.6,11.58,0,0,0.00,0,0,0.00,0,0,0.00,0.00,0.00,0.00,0.00,0.00,0,0.00,0,0.00,0,0.00,0.00,36,1,0.00,1,0,0,0.00,0,0,0.00,0,,,0,0,0,0,0,0,0,0,6,6,0,8,8,0,19
2017-02-07,901,168,5.4,10.11,0,0,0.00,0,0,0.00,0,0,0.00,0.00,0.00,0.00,0.00,0.00,0,0.00,0,0.00,0,0.00,0.00,6,1,0.00,0,0,0,0.00,0,0,0.00,0,0,2,1,1,0,0,0,0,0,0,7,7,0,3,3,0,15
2017-02-08,690,123,5.6,11.51,0,0,0.00,0,0,0.00,0,0,0.00,0.00,0.00,0.00,0.00,0.00,0,0.00,0,0.00,0,0.00,0.00,0,0,0.00,0,0,0,0.00,0,0,0.00,0,,,0,0,0,0,0,0,0,0,2,2,0,2,2,0,12
2017-02-09,572,115,5.0,9.46,0,0,0.00,0,0,0.00,0,0,0.00,0.00,0.00,0.00,0.00,0.00,0,0.00,0,0.00,0,0.00,0.00,0,0,0.00,0,0,0,0.00,0,0,0.00,0,0,1,0,0,0,0,0,0,2,0,1,1,0,1,1,0,10
2017-02-10,586,99,5.9,10.00,0,0,0.00,0,0,0.00,0,0,0.00,0.00,0.00,0.00,0.00,0.00,0,0.00,0,0.00,0,0.00,0.00,0,0,0.00,0,0,0,0.00,0,0,0.00,0,,,0,0,0,0,0,0,1,0,0,0,0,4,4,0,10
2017-02-11,941,141,6.7,11.95,0,0,0.00,0,0,0.00,0,0,0.00,0.00,0.00,0.00,0.00,0.00,0,0.00,0,0.00,0,0.00,0.00,21,3,0.00,0,0,0,0.00,0,0,0.00,0,,,0,0,0,0,0,0,2,0,6,8,2,2,2,0,16
2017-02-12,897,98,9.2,16.94,0,0,0.00,0,0,0.00,0,0,0.00,0.00,0.00,0.00,0.00,0.00,0,0.00,0,0.00,0,0.00,0.00,0,0,0.00,0,0,0,0.00,0,0,0.00,0,,,0,0,0,0,0,0,0,0,3,3,0,1,1,0,15
2017-02-13,1025,127,8.1,16.28,0,0,0.00,0,0,0.00,0,0,0.00,0.00,0.00,0.00,0.00,0.00,0,0.00,0,0.00,0,0.00,0.00,0,0,0.00,0,0,0,0.00,0,0,0.00,0,,,0,0,0,0,0,0,5,0,2,2,0,5,5,0,17
2017-02-14,1310,170,7.7,12.42,0,0,0.00,0,0,0.00,0,0,0.00,0.00,0.00,0.00,0.00,0.00,0,0.00,0,0.00,0,0.00,0.00,5,1,0.00,0,0,0,0.00,0,0,0.00,0,2,1,3,3,0,0,3,3,3,1,2,2,0,3,3,0,22
2017-02-15,542,145,3.7,6.91,0,0,0.00,0,0,0.00,0,0,0.00,0.00,0.00,0.00,0.00,0.00,0,0.00,0,0.00,0,0.00,0.00,0,0,0.00,0,0,0,0.00,0,0,0.00,0,,,0,0,0,0,0,0,12,0,3,4,1,3,5,2,9
2017-02-16,1874,310,6.0,9.94,0,0,0.00,0,0,0.00,0,0,0.00,0.00,0.00,0.00,0.00,0.00,0,0.00,0,0.00,0,0.00,0.00,0,0,0.00,0,0,0,0.00,0,0,0.00,0,3,2,1,2,1,1,1,0,4,0,6,7,1,6,6,0,31
2017-02-17,510,108,4.7,7.06,0,0,0.00,0,0,0.00,0,0,0.00,0.00,0.00,0.00,0.00,0.00,0,0.00,0,0.00,0,0.00,0.00,0,0,0.00,0,0,0,0.00,0,0,0.00,0,,,0,0,0,0,0,0,1,0,2,2,0,8,8,0,8
2017-02-18,1055,107,9.9,15.53,0,0,0.00,0,0,0.00,0,0,0.00,0.00,0.00,0.00,0.00,0.00,0,0.00,0,0.00,0,0.00,0.00,0,0,0.00,0,0,0,0.00,0,0,0.00,0,,,0,0,0,0,0,0,1,0,1,2,1,2,2,0,18
2017-02-19,441,107,4.1,8.14,0,0,0.00,0,0,0.00,0,0,0.00,0.00,0.00,0.00,0.00,0.00,0,0.00,0,0.00,0,0.00,0.00,0,0,0.00,0,0,0,0.00,0,0,0.00,0,,,0,0,0,0,0,0,1,0,1,1,0,1,1,0,7
2017-02-20,893,167,5.3,9.86,0,0,0.00,0,0,0.00,0,0,0.00,0.00,0.00,0.00,0.00,0.00,0,0.00,0,0.00,0,0.00,0.00,0,0,0.00,0,0,2,0.00,1,2,50.00,2,2,1,1,1,0,0,0,0,2,0,4,4,0,6,6,0,15
2017-02-21,1210,196,6.2,9.29,0,0,0.00,0,0,0.00,0,0,0.00,0.00,0.00,0.00,0.00,0.00,0,0.00,0,0.00,0,0.00,0.00,1,1,0.00,0,1,36,2.78,3,36,8.33,36,3,4,2,2,0,0,0,0,0,0,2,2,0,4,4,0,20
2017-02-22,1212,223,5.4,7.95,0,0,0.00,0,0,0.00,0,0,0.00,0.00,0.00,0.00,0.00,0.00,0,0.00,0,0.00,0,0.00,0.00,0,0,0.00,0,0,0,0.00,0,0,0.00,0,,,1,1,0,0,0,0,2,0,6,6,0,5,5,0,20
2017-02-23,1030,193,5.3,8.21,0,0,0.00,0,0,0.00,0,0,0.00,0.00,0.00,0.00,0.00,0.00,0,0.00,0,0.00,0,0.00,0.00,0,0,0.00,0,0,0,0.00,0,0,0.00,0,,,0,0,0,1,1,0,2,0,10,10,0,3,3,0,17
2017-02-24,807,149,5.4,7.23,0,0,0.00,0,0,0.00,0,0,0.00,0.00,0.00,0.00,0.00,0.00,0,0.00,0,0.00,0,0.00,0.00,0,0,0.00,0,0,0,0.00,0,0,0.00,0,1,1,1,1,0,0,0,0,0,0,6,6,0,8,8,0,13
2017-02-25,367,70,5.2,7.16,0,0,0.00,0,0,0.00,0,0,0.00,0.00,0.00,0.00,0.00,0.00,0,0.00,0,0.00,0,0.00,0.00,0,0,0.00,0,0,0,0.00,0,0,0.00,0,,,1,1,0,0,0,0,4,0,5,5,0,1,1,0,6
2017-02-26,608,103,5.9,9.91,0,0,0.00,0,0,0.00,0,0,0.00,0.00,0.00,0.00,0.00,0.00,0,0.00,0,0.00,0,0.00,0.00,0,0,0.00,0,0,0,0.00,0,0,0.00,0,,,3,3,0,0,0,0,1,0,1,1,0,5,5,0,10
2017-02-27,1501,316,4.8,10.38,0,0,0.00,0,0,0.00,0,0,0.00,0.00,0.00,0.00,0.00,0.00,0,0.00,0,0.00,0,0.00,0.00,0,0,0.00,0,0,0,0.00,0,0,0.00,0,4,3,1,1,0,0,0,0,7,2,8,8,0,10,10,0,25
2017-02-28,1018,218,4.7,10.97,0,0,0.00,0,0,0.00,0,0,0.00,0.00,0.00,0.00,0.00,0.00,0,0.00,0,0.00,0,0.00,0.00,0,0,0.00,0,0,0,0.00,0,0,0.00,0,0,3,0,0,0,0,0,0,1,0,4,4,0,9,9,0,17
2017-03-01,987,175,5.6,12.84,0,0,0.00,0,0,0.00,0,0,0.00,0.00,0.00,0.00,0.00,0.00,0,0.00,0,0.00,0,0.00,0.00,13,1,0.00,0,0,0,0.00,0,0,0.00,0,1,0,0,0,0,0,0,0,0,0,4,4,0,5,5,0,16
2017-03-02,866,180,4.8,10.43,0,0,0.00,0,0,0.00,0,0,0.00,0.00,0.00,0.00,0.00,0.00,0,0.00,0,0.00,0,0.00,0.00,0,0,0.00,0,0,6,0.00,3,6,50.00,6,2,1,1,1,0,0,0,0,0,0,2,2,0,3,3,0,14
2017-03-03,964,135,7.1,16.05,0,0,0.00,0,0,0.00,0,0,0.00,0.00,0.00,0.00,0.00,0.00,0,0.00,0,0.00,0,0.00,0.00,0,0,0.00,0,0,0,0.00,0,0,0.00,0,0,2,2,2,0,0,0,0,0,0,2,2,0,2,2,0,16
2017-03-04,924,130,7.1,14.94,0,0,0.00,0,0,0.00,0,0,0.00,0.00,0.00,0.00,0.00,0.00,0,0.00,0,0.00,0,0.00,0.00,1,3,0.00,0,0,0,0.00,0,0,0.00,0,,,0,0,0,0,0,0,0,0,7,7,0,4,4,0,15
2017-03-05,919,163,5.6,12.45,0,0,0.00,0,0,0.00,0,0,0.00,0.00,0.00,0.00,0.00,0.00,0,0.00,0,0.00,0,0.00,0.00,0,0,0.00,0,0,0,0.00,0,0,0.00,0,,,0,0,0,0,0,0,5,0,-1,1,2,2,2,0,15
2017-03-06,1028,172,6.0,13.50,0,0,0.00,0,0,0.00,0,0,0.00,0.00,0.00,0.00,0.00,0.00,0,0.00,0,0.00,0,0.00,0.00,22,2,0.00,0,0,0,0.00,0,0,0.00,0,0,8,0,0,0,0,0,0,0,0,1,2,1,4,4,0,17
2017-03-07,3553,321,11.1,15.55,0,0,0.00,0,0,0.00,0,0,0.00,0.00,0.00,0.00,0.00,0.00,0,0.00,0,0.00,0,0.00,0.00,38,1,0.00,1,0,18,0.00,6,18,33.33,18,1,2,4,4,0,0,0,0,6,0,6,6,0,4,4,0,59
2017-03-08,731,151,4.8,8.34,0,0,0.00,0,0,0.00,0,0,0.00,0.00,0.00,0.00,0.00,0.00,0,0.00,0,0.00,0,0.00,0.00,0,0,0.00,0,0,0,0.00,0,0,0.00,0,,,0,0,0,0,0,0,0,0,2,2,0,3,3,0,12
2017-03-09,1043,275,3.8,9.75,0,0,0.00,0,0,0.00,0,0,0.00,0.00,0.00,0.00,0.00,0.00,0,0.00,0,0.00,0,0.00,0.00,5,10,0.00,0,0,0,0.00,0,0,0.00,0,6,2,1,1,0,0,0,0,0,2,17,17,0,3,3,0,17
2017-03-10,2365,371,6.4,12.49,0,0,0.00,0,0,0.00,0,0,0.00,0.00,0.00,0.00,0.00,0.00,0,0.00,0,0.00,0,0.00,0.00,12,8,0.00,0,0,0,0.00,0,0,0.00,0,1,1,10,12,2,0,0,0,5,0,48,48,0,17,17,0,39
2017-03-11,1573,234,6.7,13.38,0,0,0.00,0,0,0.00,0,0,0.00,0.00,0.00,0.00,0.00,0.00,0,0.00,0,0.00,0,0.00,0.00,8,6,0.00,0,0,0,0.00,0,0,0.00,0,0,0,1,1,0,0,0,0,9,0,10,10,0,6,7,1,26
2017-03-12,1368,242,5.7,10.62,0,0,0.00,0,0,0.00,0,0,0.00,0.00,0.00,0.00,0.00,0.00,0,0.00,0,0.00,0,0.00,0.00,4,3,0.00,0,0,0,0.00,0,0,0.00,0,0,0,4,4,0,0,0,0,3,0,4,5,1,5,5,0,23
2017-03-13,1647,320,5.1,9.58,0,0,0.00,0,0,0.00,0,0,0.00,0.00,0.00,0.00,0.00,0.00,0,0.00,0,0.00,0,0.00,0.00,84,7,0.00,1,0,0,0.00,0,0,0.00,0,0,1,3,3,0,0,0,0,1,1,2,2,0,9,9,0,27
2017-03-14,2164,344,6.3,12.75,0,0,0.00,0,0,0.00,0,0,0.00,0.00,0.00,0.00,0.00,0.00,0,0.00,0,0.00,0,0.00,0.00,7,2,0.00,0,0,6,0.00,1,6,16.67,6,3,2,6,7,1,0,0,0,2,0,15,18,3,5,6,1,36
2017-03-15,1185,178,6.7,11.98,0,0,0.00,0,0,0.00,0,0,0.00,0.00,0.00,0.00,0.00,0.00,0,0.00,0,0.00,0,0.00,0.00,7,4,0.00,0,0,0,0.00,0,0,0.00,0,0,4,2,2,0,0,0,0,1,0,5,6,1,8,8,0,20
2017-03-16,1993,292,6.8,13.28,0,0,0.00,0,0,0.00,0,0,0.00,0.00,0.00,0.00,0.00,0.00,0,0.00,0,0.00,0,0.00,0.00,8,1,0.00,0,0,0,0.00,0,0,0.00,0,2,1,2,2,0,0,0,0,0,1,15,16,1,9,9,0,33
2017-03-17,2066,271,7.6,9.71,0,0,0.00,0,0,0.00,0,0,0.00,0.00,0.00,0.00,0.00,0.00,0,0.00,0,0.00,0,0.00,0.00,10,1,0.00,0,0,1,0.00,1,1,100.00,1,2,2,0,0,0,0,0,0,5,0,5,5,0,5,5,0,34
2017-03-18,1314,175,7.5,10.69,0,0,0.00,0,0,0.00,0,0,0.00,0.00,0.00,0.00,0.00,0.00,0,0.00,0,0.00,0,0.00,0.00,1,1,0.00,0,0,0,0.00,0,0,0.00,0,,,1,1,0,0,0,0,1,0,3,4,1,3,3,0,22
2017-03-19,1375,196,7.0,11.53,0,0,0.00,0,0,0.00,0,0,0.00,0.00,0.00,0.00,0.00,0.00,0,0.00,0,0.00,0,0.00,0.00,0,0,0.00,0,0,0,0.00,0,0,0.00,0,,,8,8,0,0,0,0,2,0,7,7,0,11,11,0,23
2017-03-20,1405,219,6.4,9.49,0,0,0.00,0,0,0.00,0,0,0.00,0.00,0.00,0.00,0.00,0.00,0,0.00,0,0.00,0,0.00,0.00,0,0,0.00,0,0,0,0.00,0,0,0.00,0,,,0,0,0,0,0,0,7,3,8,8,0,5,5,0,23
2017-03-21,1425,241,5.9,10.28,0,0,0.00,0,0,0.00,0,0,0.00,0.00,0.00,0.00,0.00,0.00,0,0.00,0,0.00,0,0.00,0.00,6,7,0.00,0,0,0,0.00,0,0,0.00,0,0,2,2,3,1,0,0,0,2,0,2,3,1,8,8,0,24
2017-03-22,1275,203,6.3,15.08,0,0,0.00,0,0,0.00,0,0,0.00,0.00,0.00,0.00,0.00,0.00,0,0.00,0,0.00,0,0.00,0.00,62,5,0.00,1,0,0,0.00,0,0,0.00,0,1,1,3,3,0,0,0,0,3,0,6,8,2,6,6,0,21
2017-03-23,1435,246,5.8,11.46,0,0,0.00,0,0,0.00,0,0,0.00,0.00,0.00,0.00,0.00,0.00,0,0.00,0,0.00,0,0.00,0.00,73,2,0.00,1,0,0,0.00,0,0,0.00,0,,,1,1,0,0,0,0,3,0,6,6,0,3,3,0,24
2017-03-24,845,200,4.2,8.03,0,0,0.00,0,0,0.00,0,0,0.00,0.00,0.00,0.00,0.00,0.00,0,0.00,0,0.00,0,0.00,0.00,0,3,0.00,0,0,0,0.00,0,0,0.00,0,1,2,3,3,0,0,0,0,6,0,9,11,2,5,5,0,14
2017-03-25,1114,179,6.2,10.45,0,0,0.00,0,0,0.00,0,0,0.00,0.00,0.00,0.00,0.00,0.00,0,0.00,0,0.00,0,0.00,0.00,40,6,0.00,1,0,0,0.00,0,0,0.00,0,,,1,1,0,0,0,0,1,0,8,10,2,4,4,0,19
2017-03-26,1198,179,6.7,13.31,0,0,0.00,0,0,0.00,0,0,0.00,0.00,0.00,0.00,0.00,0.00,0,0.00,0,0.00,0,0.00,0.00,0,5,0.00,0,0,0,0.00,0,0,0.00,0,,,2,2,0,0,0,0,6,0,5,7,2,3,3,0,20
2017-03-27,1714,237,7.2,15.06,0,0,0.00,0,0,0.00,0,0,0.00,0.00,0.00,0.00,0.00,0.00,0,0.00,0,0.00,0,0.00,0.00,32,2,0.00,1,0,0,0.00,0,0,0.00,0,,,2,2,0,0,0,0,1,0,7,8,1,3,3,0,29
2017-03-28,2271,260,8.7,12.89,0,0,0.00,0,0,0.00,0,0,0.00,0.00,0.00,0.00,0.00,0.00,0,0.00,0,0.00,0,0.00,0.00,25,3,0.00,0,0,21,0.00,5,21,23.81,21,3,2,2,2,0,0,0,0,2,0,6,7,1,6,6,0,38
2017-03-29,1609,178,9.0,15.13,0,0,0.00,0,0,0.00,0,0,0.00,0.00,0.00,0.00,0.00,0.00,0,0.00,0,0.00,0,0.00,0.00,144,7,0.00,2,0,0,0.00,0,0,0.00,0,0,1,0,0,0,0,0,0,3,0,0,1,1,5,5,0,27
2017-03-30,1248,214,5.8,10.81,0,0,0.00,0,0,0.00,0,0,0.00,0.00,0.00,0.00,0.00,0.00,0,0.00,0,0.00,0,0.00,0.00,0,0,0.00,0,0,0,0.00,0,0,0.00,0,3,1,1,1,0,0,0,0,1,0,9,9,0,4,4,0,21
2017-03-31,1240,220,5.6,9.34,0,0,0.00,0,0,0.00,0,0,0.00,0.00,0.00,0.00,0.00,0.00,0,0.00,0,0.00,0,0.00,0.00,1,2,0.00,0,0,0,0.00,0,0,0.00,0,0,1,1,1,0,0,0,0,5,0,3,3,0,7,7,0,21
2017-04-01,1383,177,7.8,13.10,0,0,0.00,0,0,0.00,0,0,0.00,0.00,0.00,0.00,0.00,0.00,0,0.00,0,0.00,0,0.00,0.00,31,1,0.00,1,0,0,0.00,0,0,0.00,0,,,2,2,0,0,0,0,1,0,7,7,0,9,9,0,23
2017-04-02,1253,170,7.4,13.25,0,0,0.00,0,0,0.00,0,0,0.00,0.00,0.00,0.00,0.00,0.00,0,0.00,0,0.00,0,0.00,0.00,45,2,0.00,1,0,0,0.00,0,0,0.00,0,,,4,5,1,0,0,0,2,0,2,2,0,2,2,0,21
2017-04-03,1406,198,7.1,12.42,0,0,0.00,0,0,0.00,0,0,0.00,0.00,0.00,0.00,0.00,0.00,0,0.00,0,0.00,0,0.00,0.00,0,0,0.00,0,0,0,0.00,0,0,0.00,0,,,5,6,1,0,1,1,1,0,15,16,1,5,5,0,23
2017-04-04,2090,315,6.6,13.67,0,0,0.00,0,0,0.00,0,0,0.00,0.00,0.00,0.00,0.00,0.00,0,0.00,0,0.00,0,0.00,0.00,3,2,0.00,0,0,0,0.00,0,0,0.00,0,0,2,9,9,0,0,0,0,2,0,11,12,1,9,10,1,35
2017-04-05,1235,262,4.7,8.73,0,0,0.00,0,0,0.00,0,0,0.00,0.00,0.00,0.00,0.00,0.00,0,0.00,0,0.00,0,0.00,0.00,6,3,0.00,0,0,0,0.00,0,0,0.00,0,0,2,1,1,0,0,0,0,0,0,45,45,0,9,9,0,21
2017-04-06,1098,214,5.1,10.10,0,0,0.00,0,0,0.00,0,0,0.00,0.00,0.00,0.00,0.00,0.00,0,0.00,0,0.00,0,0.00,0.00,9,4,0.00,0,0,0,0.00,0,0,0.00,0,0,1,0,0,0,0,0,0,3,0,1,1,0,3,3,0,18
2017-04-07,841,142,5.9,10.00,0,0,0.00,0,0,0.00,0,0,0.00,0.00,0.00,0.00,0.00,0.00,0,0.00,0,0.00,0,0.00,0.00,2,2,0.00,0,0,0,0.00,0,0,0.00,0,0,1,1,1,0,1,1,0,3,0,2,2,0,4,5,1,14
2017-04-08,677,122,5.5,11.29,0,0,0.00,0,0,0.00,0,0,0.00,0.00,0.00,0.00,0.00,0.00,0,0.00,0,0.00,0,0.00,0.00,17,1,0.00,0,0,0,0.00,0,0,0.00,0,,,1,1,0,0,0,0,0,0,5,5,0,3,3,0,11
2017-04-09,983,132,7.4,12.70,0,0,0.00,0,0,0.00,0,0,0.00,0.00,0.00,0.00,0.00,0.00,0,0.00,0,0.00,0,0.00,0.00,36,2,0.00,1,0,0,0.00,0,0,0.00,0,,,1,1,0,0,0,0,0,0,5,6,1,3,3,0,16
2017-04-10,1065,175,6.1,11.12,0,0,0.00,0,0,0.00,0,0,0.00,0.00,0.00,0.00,0.00,0.00,0,0.00,0,0.00,0,0.00,0.00,0,0,0.00,0,0,0,0.00,0,0,0.00,0,,,0,0,0,0,0,0,1,0,1,1,0,3,4,1,18
2017-04-11,1864,249,7.5,13.37,0,0,0.00,0,0,0.00,0,0,0.00,0.00,0.00,0.00,0.00,0.00,0,0.00,0,0.00,0,0.00,0.00,99,5,0.00,2,0,6,0.00,3,6,50.00,6,2,1,3,3,0,0,0,0,1,0,3,5,2,11,12,1,31
2017-04-12,1391,155,9.0,15.45,0,0,0.00,0,0,0.00,0,0,0.00,0.00,0.00,0.00,0.00,0.00,0,0.00,0,0.00,0,0.00,0.00,59,2,0.00,1,0,0,0.00,0,0,0.00,0,,,0,0,0,0,0,0,1,0,0,2,2,3,3,0,23
2017-04-13,680,157,4.3,7.83,0,0,0.00,0,0,0.00,0,0,0.00,0.00,0.00,0.00,0.00,0.00,0,0.00,0,0.00,0,0.00,0.00,28,4,0.00,0,0,0,0.00,0,0,0.00,0,0,1,0,0,0,0,0,0,1,0,8,8,0,13,13,0,11
2017-04-14,589,114,5.2,10.04,0,0,0.00,0,0,0.00,0,0,0.00,0.00,0.00,0.00,0.00,0.00,0,0.00,0,0.00,0,0.00,0.00,0,0,0.00,0,0,0,0.00,0,0,0.00,0,,,1,1,0,0,0,0,0,0,-1,0,1,3,4,1,10
2017-04-15,574,82,7.0,13.29,0,0,0.00,0,0,0.00,0,0,0.00,0.00,0.00,0.00,0.00,0.00,0,0.00,0,0.00,0,0.00,0.00,0,0,0.00,0,0,0,0.00,0,0,0.00,0,,,2,2,0,0,0,0,1,0,0,2,2,5,6,1,10
2017-04-16,723,108,6.7,11.29,0,0,0.00,0,0,0.00,0,0,0.00,0.00,0.00,0.00,0.00,0.00,0,0.00,0,0.00,0,0.00,0.00,35,6,0.00,1,0,0,0.00,0,0,0.00,0,,,0,0,0,0,0,0,2,0,4,5,1,5,5,0,12
2017-04-17,435,80,5.4,10.51,0,0,0.00,0,0,0.00,0,0,0.00,0.00,0.00,0.00,0.00,0.00,0,0.00,0,0.00,0,0.00,0.00,6,1,0.00,0,0,0,0.00,0,0,0.00,0,,,2,3,1,0,0,0,0,0,5,6,1,5,5,0,7
2017-04-18,724,93,7.8,15.82,0,0,0.00,0,0,0.00,0,0,0.00,0.00,0.00,0.00,0.00,0.00,0,0.00,0,0.00,0,0.00,0.00,0,0,0.00,0,0,0,0.00,0,0,0.00,0,0,1,0,0,0,0,0,0,1,0,7,7,0,3,4,1,12
2017-04-19,1557,251,6.2,13.33,0,0,0.00,0,0,0.00,0,0,0.00,0.00,0.00,0.00,0.00,0.00,0,0.00,0,0.00,0,0.00,0.00,89,6,0.00,1,0,0,0.00,0,0,0.00,0,3,2,4,4,0,1,1,0,3,2,13,17,4,2,3,1,26
2017-04-20,1405,197,7.1,12.25,0,0,0.00,0,0,0.00,0,0,0.00,0.00,0.00,0.00,0.00,0.00,0,0.00,0,0.00,0,0.00,0.00,0,1,0.00,0,0,0,0.00,0,0,0.00,0,2,2,1,1,0,0,0,0,2,0,11,14,3,8,8,0,23
2017-04-21,1574,245,6.4,13.11,0,0,0.00,0,0,0.00,0,0,0.00,0.00,0.00,0.00,0.00,0.00,0,0.00,0,0.00,0,0.00,0.00,0,0,0.00,0,0,0,0.00,0,0,0.00,0,,,1,1,0,0,0,0,5,0,-1,2,3,14,14,0,26
2017-04-22,868,127,6.8,14.83,0,0,0.00,0,0,0.00,0,0,0.00,0.00,0.00,0.00,0.00,0.00,0,0.00,0,0.00,0,0.00,0.00,0,0,0.00,0,0,0,0.00,0,0,0.00,0,,,0,0,0,0,0,0,1,0,3,3,0,5,5,0,14
2017-04-23,944,117,8.1,13.53,0,0,0.00,0,0,0.00,0,0,0.00,0.00,0.00,0.00,0.00,0.00,0,0.00,0,0.00,0,0.00,0.00,0,0,0.00,0,0,0,0.00,0,0,0.00,0,,,0,0,0,0,0,0,0,0,2,2,0,5,6,1,16
2017-04-24,1607,261,6.2,7.55,0,0,0.00,0,0,0.00,0,0,0.00,0.00,0.00,0.00,0.00,0.00,0,0.00,0,0.00,0,0.00,0.00,9,4,0.00,0,0,0,0.00,0,0,0.00,0,3,4,4,4,0,0,0,0,2,0,9,11,2,5,5,0,27
2017-04-25,2561,356,7.2,13.50,0,0,0.00,0,0,0.00,0,0,0.00,0.00,0.00,0.00,0.00,0.00,0,0.00,0,0.00,0,0.00,0.00,4,2,0.00,0,0,15,0.00,0,15,0.00,15,2,1,7,9,2,0,0,0,5,0,28,28,0,7,7,0,43
2017-04-26,1500,260,5.8,12.50,0,0,0.00,0,0,0.00,0,0,0.00,0.00,0.00,0.00,0.00,0.00,0,0.00,0,0.00,0,0.00,0.00,17,4,0.00,0,0,0,0.00,0,0,0.00,0,0,2,5,7,2,0,2,2,6,0,9,11,2,11,11,0,25
2017-04-27,1152,207,5.6,10.51,0,0,0.00,0,0,0.00,0,0,0.00,0.00,0.00,0.00,0.00,0.00,0,0.00,0,0.00,0,0.00,0.00,0,1,0.00,0,0,0,0.00,0,0,0.00,0,,,2,2,0,0,0,0,3,0,9,9,0,13,13,0,19
2017-04-28,818,122,6.7,13.28,0,0,0.00,0,0,0.00,0,0,0.00,0.00,0.00,0.00,0.00,0.00,0,0.00,0,0.00,0,0.00,0.00,1,1,0.00,0,0,0,0.00,0,0,0.00,0,,,0,0,0,0,0,0,1,0,1,2,1,0,0,0,14
2017-04-29,836,113,7.4,14.87,0,0,0.00,0,0,0.00,0,0,0.00,0.00,0.00,0.00,0.00,0.00,0,0.00,0,0.00,0,0.00,0.00,116,5,0.00,2,0,0,0.00,0,0,0.00,0,,,0,0,0,0,0,0,1,0,0,4,4,1,1,0,14
2017-04-30,679,92,7.4,14.13,0,0,0.00,0,0,0.00,0,0,0.00,0.00,0.00,0.00,0.00,0.00,0,0.00,0,0.00,0,0.00,0.00,40,2,0.00,1,0,0,0.00,0,0,0.00,0,,,0,0,0,0,0,0,0,0,4,4,0,4,4,0,11
2017-05-01,501,97,5.2,10.04,0,0,0.00,0,0,0.00,0,0,0.00,0.00,0.00,0.00,0.00,0.00,0,0.00,0,0.00,0,0.00,0.00,0,0,0.00,0,0,0,0.00,0,0,0.00,0,,,0,0,0,0,0,0,1,0,3,3,0,4,4,0,8
2017-05-02,824,176,4.7,9.75,0,0,0.00,0,0,0.00,0,0,0.00,0.00,0.00,0.00,0.00,0.00,0,0.00,0,0.00,0,0.00,0.00,2,4,0.00,0,0,0,0.00,0,0,0.00,0,0,2,2,3,1,0,0,0,2,0,2,4,2,8,8,0,14
2017-05-03,938,156,6.0,11.27,0,0,0.00,0,0,0.00,0,0,0.00,0.00,0.00,0.00,0.00,0.00,0,0.00,0,0.00,0,0.00,0.00,0,0,0.00,0,0,0,0.00,0,0,0.00,0,0,1,1,1,0,0,0,0,3,0,4,4,0,3,3,0,16
2017-05-04,5146,510,10.1,14.59,0,0,0.00,0,0,0.00,0,0,0.00,0.00,0.00,0.00,0.00,0.00,0,0.00,0,0.00,0,0.00,0.00,0,0,0.00,0,0,0,0.00,0,0,0.00,0,1,4,5,5,0,0,0,0,4,1,19,19,0,12,12,0,86
2017-05-05,1191,203,5.9,9.47,0,0,0.00,0,0,0.00,0,0,0.00,0.00,0.00,0.00,0.00,0.00,0,0.00,0,0.00,0,0.00,0.00,0,0,0.00,0,0,0,0.00,0,0,0.00,0,1,1,3,3,0,0,0,0,4,0,5,6,1,1,1,0,20
2017-05-06,739,120,6.2,9.30,0,0,0.00,0,0,0.00,0,0,0.00,0.00,0.00,0.00,0.00,0.00,0,0.00,0,0.00,0,0.00,0.00,0,0,0.00,0,0,0,0.00,0,0,0.00,0,,,0,0,0,0,0,0,1,0,2,3,1,0,0,0,12
2017-05-07,1087,182,6.0,9.78,0,0,0.00,0,0,0.00,0,0,0.00,0.00,0.00,0.00,0.00,0.00,0,0.00,0,0.00,0,0.00,0.00,7,3,0.00,0,0,0,0.00,0,0,0.00,0,,,2,2,0,0,0,0,0,0,6,6,0,3,3,0,18
2017-05-08,3614,397,9.1,6.70,0,0,0.00,0,0,0.00,0,0,0.00,0.00,0.00,0.00,0.00,0.00,0,0.00,0,0.00,0,0.00,0.00,7,1,0.00,0,0,38,0.00,4,38,10.53,38,2,1,9,10,1,0,0,0,2,0,30,35,5,14,15,1,60
2017-05-09,1455,246,5.9,8.40,0,0,0.00,0,0,0.00,0,0,0.00,0.00,0.00,0.00,0.00,0.00,0,0.00,0,0.00,0,0.00,0.00,5,3,0.00,0,0,0,0.00,0,0,0.00,0,2,2,3,4,1,0,0,0,2,0,12,12,0,1,2,1,24
2017-05-10,582,182,3.2,5.58,0,0,0.00,0,0,0.00,0,0,0.00,0.00,0.00,0.00,0.00,0.00,0,0.00,0,0.00,0,0.00,0.00,0,0,0.00,0,0,0,0.00,0,0,0.00,0,,,0,0,0,0,0,0,1,0,8,8,0,5,5,0,10
